"","Aa","Ad","Ca","Mea","Med","AaAa","AaAd","AdAd","CaAa","CaAd"
"1","5","5","0","0","-4.92875521925213","0","0","0","0","0"
"2","0","0","-5","0","0","4.99999999999999","4.99999999999999","0","0","0"
"3","0","0","0","0","5","-5","0","0","0","5"
"4","0","5.48856519129651","0","0","0","0","0","0","0","0"
"5","5","0","0","0","-4.77398510995773","-5.00000000000001","0","0","0","0"
"6","0","0","0","0","0","0","0","0","0","0"
"7","0","0","0","0","-5","0","0","0","5","-5"
"8","0","0","5","5","0","0","0","-5","0","0"
"9","0","0","0","0","0","0","-4.99999999999998","0","-5","5"
"10","-5","0","0","0","0","0","0","5","-5","0"
"11","0","0","0","0","-5.07732746241907","4.84534507516187","0","5.15465492483813","0","0"
"12","0","0","0","-5","0","0","0","0","5","5"
"13","0","-4.99999999999999","0","-5","0","4.99999999999999","0","0","0","0"
"14","0","0","4.03632571126141","0","5.96367428873859","0","4.99999999999999","0","0","0"
"15","0","0","0","0","-0.943851671995366","13.1122966560093","0","-3.11229665600928","0","0"
"16","5","0","0","0","-5","0","4.99999999999999","0","0","0"
"17","0","0","0","0","-5","5","0","0","0","-5"
"18","0","0","0","0","0","0","0","0","-2.33951623213188e-16","0"
"19","5","0","0","0","0","0","-4.99999999999999","0","0","-5"
"20","0","0","-4.91812702499807","0","0","0","4.99999999999998","0","-4.91812702499806","0"
"21","0","0","0","0","6.10722851056029","-2.78554297887942","0","2.78554297887943","0","0"
"22","0","0","0.398099244147274","0","-0.39809924414727","-5","0","0","0","0"
"23","0","-9.99999999999999","0","0","0","0","0","0","0","0"
"24","0","0","0","0","-5","0","-5","0","0","-5"
"25","0","0.225788054766095","0.225788054766095","0","0","0","0","0","0.225788054766095","0"
"26","0","-5","0","0","0","5","-5","0","0","0"
"27","-5","0","0","0","0","0","-5","0","5","0"
"28","0","0","0","-4.06355324536576","0","0","5.00000000000001","5","0","0"
"29","0","0","0","0","2.69019449914276e-16","0","0","5","0","0"
"30","5","-5","0","0","0","0","-5.00000000000001","0","0","0"
"31","0","0","0","-9.34176006333277","0.658239936667234","-5","0","0","0","0"
"32","-5","0","-9.50326352945494","0","-0.496736470545062","0","0","0","0","0"
"33","0","5.00000000000001","-0.61562361054309","-9.38437638945691","0","0","0","0","0","0"
"34","0","5","-4.92366112958429","-5.07633887041572","0","0","0","0","0","0"
"35","0","0","0","4.33534754409305","0","0","4.99999999999998","0","-5","0"
"36","0","0","4.65480647389913e-17","1.17732037771616e-17","0","0","0","-5.26634110979664","0","0"
"37","0","0","0","0","-5","0","5","0","0","-5"
"38","0","0","0","-5","5","5","0","0","0","0"
"39","0","0","0","0","4.40597575575331","0","5","0","0","5"
"40","0","0","5","0","0","0","-5","0","0","-5.00000000000001"
"41","0","0","0","0","0","0","5","0","-5","5"
"42","0","-5","0","0","0","0","0","-5","5","0"
"43","0","0","-4.41022024568752","0","0","0","0","-6.17955950862495","5.58977975431248","0"
"44","0","0","-1.60656700395896","0","1.60656700395896","0","0","0","5","0"
"45","0","0","0","0","0","5","0","0","0","0"
"46","0","-4.78516260508516","-4.78516260508516","0","0","5","0","0","0","0"
"47","0","5.35808834760453","0","0","-4.9283823304791","0","0","4.85676466095818","0","0"
"48","0","0","0","0","0","0","0","0","0","4.16571980985066e-18"
"49","4.99999999999999","0","0","0","0","4.99999999999999","0","0","5","0"
"50","5","0","0","0","-4.69571252841637","0","0","-5","0","0"
"51","0","-5.00000000000001","0","0","0","0","5","0","-5","0"
"52","0","0","-3.78382534065127","0","0","0","0","-5","5","0"
"53","0","-1.82447844579574","8.08613980690895","0","0","0","0","0","-1.82447844579574","0"
"54","-5","0","0","0","0","0","0","5","0","-5"
"55","0","4.99999999999999","0","0","0","-5.00000000000001","0","0","0","5"
"56","-5.00000000000001","0","0","0","0","0","5.00000000000003","0","4.99999999999999","0"
"57","0","-3.67092729813283","5","0","0","-4.46837091925313","0","0","0","0"
"58","0","-10","0","0","0","0","0","0","-5.22019515610835e-15","0"
"59","-5","0","0","0","0","-4.99999999999998","0","0","4.99999999999999","0"
"60","0","0","0","-4.4391849593069","0","5.00000000000001","5","0","0","0"
"61","0","5","-0.118865976069433","0","0.118865976069434","0","0","0","0","0"
"62","0","0","0","0","-4.78704752708646","-5","4.99999999999999","0","0","0"
"63","0","0","0","0","0","0","-5","-5","-5","0"
"64","0","5","0","0","10","0","0","0","0","0"
"65","0","0","-0.312447050651218","0","0.312447050651219","0","5","0","0","0"
"66","-5","0","0","0","5","0","-5","0","0","0"
"67","5","0","0","5","0","0","0","0","5","0"
"68","0","0","0","0","0","0","5","5","0","-5"
"69","0","0","0.0882000608961951","9.9117999391038","-0.0882000608961948","0","0","0","0","0"
"70","0","0","0","5","-5","0","0","0","-5","0"
"71","0","1.52183195072196e-16","0","0","0","0","0","0","2.19649072391655e-16","0"
"72","0","-4.99999999999998","3.10300348128179","0","0","0","0","-5.00000000000002","0","0"
"73","0","0","0","0","0","0","0","-5","0","0"
"74","5","0","0","0","5","0","0","0","0","5"
"75","0","0","0","0.109436636593203","0.109436636593203","0","-5","0","0","0"
"76","1.89725066183827","0","0","0","0","0","0","-5","-1.89725066183827","0"
"77","0","22.3745583985064","0","0","0","0","0","0","-1.20804142762176","4.60369138415381"
"78","0","0","0","0","5.08418658672228","5.16837317344457","0","4.83162682655545","0","0"
"79","0","0","-4.76126605289237","0","0","0","0","0","5","-5"
"80","4.99999999999999","0","0","0","0","0","5.00000000000001","0","0","-5"
"81","0","4.99999999999999","0.692698036551635","9.30730196344837","0","0","0","0","0","0"
"82","0","0","0","0","-3.81073968134608","4.99999999999999","0","0","0","5"
"83","0.689455647755395","0","-0.689455647755395","0","0","0","0","0","0","0.689455647755395"
"84","-5","0","0","0","0","0","0","-5","0","-5"
"85","0","0","-4.10571723586144","0","0","0","0","-5","0","4.78730166970791"
"86","5","5","0","0","0","0","5.00000000000001","0","0","0"
"87","0","5","0","5","0","0","0","0","5","0"
"88","5","0","0","0","0","0","5.00000000000002","0","0","-5"
"89","0","0","0","0","0","-5","-4.99999999999999","0","0","5"
"90","0","0","-5","0","-5.00000000000001","0","4.99999999999999","0","0","0"
"91","0","10","0","0","0","0","0","0","0","0"
"92","5","0","0","0","0","0","0","-5","-5","0"
"93","-5","0","0","-5","0","4.99999999999999","0","0","0","0"
"94","0","0","0","5","0","-5.00000000000001","0","-5.00000000000001","0","0"
"95","5","0","5","0","0","0","0","-5","0","0"
"96","0","0","0","5","0","0","0","0","5","-5"
"97","0","0","0","0","-4.99999999999999","5","0","-4.99999999999999","0","0"
"98","-2.81421915564535e-17","3.16398058801417e-16","0","0","0","0","0","0","0","0"
"99","0","0","0","-5","0","-5.00000000000001","0","0","0","-5"
"100","0","0","0","-1.68657464449149e-15","0","5","0","0","0","0"
"101","4.99999999999999","0","0","0","0","0","5.00000000000002","-5","0","0"
"102","0","0","0.414717257559191","0","0","0","0","5","5","0"
"103","0","0","0","-4.9149123187876","0","0","0","-5.1701753624248","-4.9149123187876","0"
"104","-5","0","-4.90414598078842e-17","0","0","0","0","0","0","0"
"105","0","5","0","0","0","-4.99999999999999","0","0","0","-5"
"106","0","0","0","-0.251902911977246","-0.251902911977246","-5.00000000000001","0","0","0","0"
"107","2.48646107402877","0","7.51353892597123","0","0","0","0","0","0","2.48646107402877"
"108","0","30","0","0","0","0","0","-4.99999999999998","0","0"
"109","-5","0","0","0","0","0","5","0","5","0"
"110","-3.1682962144814","0","0","0","0","-0.789367306408547","0","0.789367306408545","0","0"
"111","5.00000000000001","0","0","0","0","5.00000000000001","0","5","0","0"
"112","0","0","0","0","0","-5.00000000000001","0","0","5.00000000000001","-5.00000000000001"
"113","0","4.55091424687632","0","4.55091424687632","0","0","0","0","4.55091424687632","0"
"114","0","2.03061145896469","2.03061145896469","0","0","-5","0","0","0","0"
"115","-7.13695677735659e-17","0","0","0","0","0","0","0","0","0"
"116","0","0","5","0","0","5","0","0","5","0"
"117","0","0","-3.93198291765301","0","0","0","0","0","-3.93198291765301","3.93198291765301"
"118","5.79381503488948","4.20618496511051","0","0","4.20618496511051","0","0","0","0","0"
"119","0","-5","0","0","0","-5","0","0","5","0"
"120","0","0","0","5","0","0","0","0","5","5.00000000000001"
"121","0","0","0","-4.66976905666206","0","0","-5","0","0","-5"
"122","0","0","0","-5","0","-5.00000000000001","0","0","0","-5"
"123","0","0","1.42288025409836e-16","0","0","0","0","0","5","0"
"124","0","0","2.70439775470938","7.29560224529061","-2.70439775470938","0","0","0","0","0"
"125","10","0","0","0","0","0","0","0","0","0"
"126","0","4.99999999999999","0","-2.72777221087849","0","-5.00000000000001","0","0","0","0"
"127","0","0","5","0","0","-4.99999999999999","5","0","0","0"
"128","5","0","0","-5","0","0","0","5","0","0"
"129","0","-4.75505139644907","-4.75505139644906","0","0","0","0","0","0","-5.24494860355092"
"130","0","0","0","0.480723526480983","-9.51927647351902","0","0","0","-5","0"
"131","0","6.74628040894672","0","0","-2.65074391821064","0","0","0.301487836421325","0","0"
"132","0","-3.68450503955058","5.91121670513341","0","0","0","0","-5.00000000000002","0","0"
"133","-4.19566325144583","4.19566325144583","0","0","0","0","0","0","0","5.80433674855416"
"134","0","0","0","0","0","0","0","0","0","-10"
"135","0","0","0","0","0","0","0","0","0","10"
"136","-5","0","0","0","0","5","0","0","0","-5"
"137","0","0","0","0","5","0","5.00000000000001","5","0","0"
"138","0","3.9132325236535","0","0","0","4.56529300946139","0","0","4.7826465047307","0"
"139","0","0","0","0","-5","5","5","0","0","0"
"140","0","-4.99999999999998","0","0","0","5","0","4.99999999999999","0","0"
"141","-5.00000000000001","0","0","4.81370994704858","0","0","-5.00000000000001","0","0","0"
"142","-3.95566508609618","0","3.95566508609619","0","0","0","4.99999999999997","0","0","0"
"143","0","0","4.56772391791955","0","0","0","-5.00000000000003","0","5.00000000000001","0"
"144","0","0","0.108053205803286","-0.108053205803286","0","0","-5","0","0","0"
"145","0","0","0","-4.84295233265299","0","5.00000000000001","0","0","0","-5.00000000000001"
"146","0","0","2.16667415642211","0","0","-0.540725765854912","0","0.540725765854912","0","0"
"147","5","0","0","0","-5","5","0","0","0","0"
"148","-3.83958719605834","0","3.12197696667084","0","0","0","0","5","0","0"
"149","-5","0","0","0","5","0","0","0","0","5"
"150","0","0","-5","0","0","0","0","0","5","5"
"151","0","-5.00000000000005","0","5","0","0","0","5.00000000000004","0","0"
"152","0","11.4580713197287","0","0","-3.70838573605427","0","0","2.41677147210855","0","0"
"153","0","0","0","-4.79879137219441","0","0","0","0","-4.79879137219441","4.79879137219441"
"154","0","0","0","0","0","0","-5.00000000000001","0","5.00000000000001","5"
"155","0","0","0","5","0","5","5","0","0","0"
"156","-5","0","0","0","0","0","0","5","0","-5"
"157","0","-5","0","0","0","0","-5","0","0","-5"
"158","-5.00000000000001","0","0","-4.80622672073708","0","0","-4.99999999999999","0","0","0"
"159","0","0","0","2.39982224859001","0","0","0","0","2.39982224859001","-2.39982224859001"
"160","0","17.4077033053484","0","0","0","0","0","0.036918677860637","-2.5184593389303","0"
"161","0","0","0","0","-3.82189472954805","0","0","0","-5","-5"
"162","0","0","-4.56368553419887","0","0","0","0","5","5.00000000000001","0"
"163","5","0","0","0","0","0","0","-5","5","0"
"164","0","0","-0.74055961324857","0.74055961324857","0","-5.00000000000001","0","0","0","0"
"165","0","-4.52284818930146","0","0","0","0","0","4.80913927572057","5.0954303621397","0"
"166","0","0","4.75471281529342","0","0","5","0","0","5.00000000000001","0"
"167","0","5","2.46244419589646e-16","3.26468711436186e-16","0","0","0","0","0","0"
"168","-5","0","0","0","-5","0","-5","0","0","0"
"169","4.99999999999999","0","0","0","0","0","0","-5","0","-5.00000000000001"
"170","0","0","0","0","-5","-5","5","0","0","0"
"171","-4.57809510656116","0","4.57809510656116","0","0","0","0","-5","0","0"
"172","5.00000000000001","0","0","0","0","-4.83069036326831","0","-5.16930963673167","0","0"
"173","-5","-5","0","0","0","0","-5","0","0","0"
"174","0","-5","0","0","0","-4.99999999999999","0","0","0","-5"
"175","-3.53847601342394","3.53847601342394","0","0","0","0","0","0","0","6.46152398657607"
"176","-5.00000000000001","0","0","0","0","5","5.00000000000001","0","0","0"
"177","6.88770334399073","3.11229665600928","-8.82785571365886e-16","0","0","0","0","0","0","0"
"178","0","0","0","-2.97212078261706","7.02787921738295","0","0","5","0","0"
"179","0","0","0","0","0","-5.00000000000001","-5.00000000000001","-5.00000000000001","0","0"
"180","0","0","0","0","5","0","5","0","0","5"
"181","0","4.77351451317042","0","0","0","5.00000000000001","0","0","0","-4.77351451317042"
"182","0","0","0","5","0","0","5","0","0","5"
"183","0","0","-5","0","0","0","0","0","5","-5"
"184","0","0","0","-5","0","0","0","5","0","-4.99999999999999"
"185","0","0","0","0.179434567181499","0.179434567181498","5.00000000000001","0","0","0","0"
"186","0","0","0","-0.278563220189474","-0.278563220189474","0","0","-5","0","0"
"187","-5","0","0","-5","0","-5","0","0","0","0"
"188","0","0","0","0","0","0","0","5","-5","5"
"189","0","0","0","0","0","0","0","0","4.09900343224724e-17","4.00219506333745e-17"
"190","-5","0","0","0","0","0","0","-15","0","0"
"191","-4.99999999999999","0","-5","0","0","5","0","0","0","0"
"192","-5.00000000000001","0","0","0","-5","0","0","5.00000000000001","0","0"
"193","0","5","5.00000000000001","4.99999999999999","0","0","0","0","0","0"
"194","0","11.100943582794","0","0","0","7.44037743311759","0","2.55962256688243","0","0"
"195","0","-5","0","-5","0","0","5","0","0","0"
"196","0","-4.99999999999999","0","0","0","0","4.99999999999999","-5","0","0"
"197","-0.0829841894913177","0.082984189491318","0","0","0","0","0","0","0.0829841894913173","0"
"198","0","0","0","-5","0","-5","0","-5","0","0"
"199","-5","0","0","-5","0","0","0","0","0","5"
"200","-5.00000000000001","0","-5","0","0","0","0","0","5","0"
"201","0","0","0.633389933237607","9.36661006676239","0","0","0","0","-5","0"
"202","0","0","0","0","0","4.99999999999999","5.00000000000001","0","5.00000000000001","0"
"203","4.99999999999999","0","0","0","0","4.99999999999999","0","0","5","0"
"204","0","0","0","-5","0","0","0","5","0","-5"
"205","0","0","5.45423268675355e-17","0","0","0","0","0","-1.76780699395887e-16","0"
"206","0","0","5","0","0","0","0","5.00000000000001","0","-4.99999999999999"
"207","4.78282525934718","-4.78282525934718","0","0","0","0","-5.00000000000003","0","0","0"
"208","0","0","0","0","5","5","-5.00000000000001","0","0","0"
"209","-1.2704943176023","9.91802272959082","0","0","0","0","0","0","0","-1.27049431760229"
"210","0","0","5.07095789154392","4.92904210845607","0","0","-5","0","0","0"
"211","0","-4.17250918506293","0","0","0","0","0","0","-4.17250918506292","-5.82749081493709"
"212","0","0","0","0.679941695483303","-9.32005830451669","0","0","0","5","0"
"213","0","0","0","0","-5","5","5","0","0","0"
"214","0","-4.63373662510987","0","0","0","0","0","0","5.36626337489012","-5.36626337489012"
"215","0","0","0","10","0","5","0","0","0","0"
"216","0","0","5","0","0","5","4.99999999999999","0","0","0"
"217","0","0","0","-7.18408177556515","2.81591822443484","5","0","0","0","0"
"218","-2.89499599691893e-15","0","0","0","0","0","0","0","-2.28481458308506e-16","4.54431181034695e-17"
"219","0","0","-9.33141468619871","0","-0.668585313801291","0","0","0","5","0"
"220","0","0","0","0","0","0","-5","-5","0","-5"
"221","0","0","0","5","0","4.99999999999999","5.00000000000001","0","0","0"
"222","0","0","0","0","-5","5","5","0","0","0"
"223","0","6.71044610021543","0","3.91997779250362","0","0","0","0","-5.01924887631657","0"
"224","0","5.00000000000001","0","0","5","0","-4.99999999999999","0","0","0"
"225","-5","0","0","0","0","5.00000000000001","0","0","-5","0"
"226","-9.84579882128097","0","-0.154201178719023","0","0","0","0","0","0","0.154201178719023"
"227","0","0","-6.23293370956074e-18","0","0","0","0","-5","0","0"
"228","0","0","0","0","-5","5","0","0","0","5"
"229","0","-1.71554952687884","0","0","-1.71554952687884","0","0","0","0","1.71554952687884"
"230","0","0","0","3.71781004792348","0","-2.43562009584694","0","0","0","-3.71781004792348"
"231","-5","0","0","-5","0","0","0","-5","0","0"
"232","0","0","0","0","-5","-5","0","0","0","5"
"233","0","0","0","0","0","-5","0","0","-5","5"
"234","0","4.99999999999998","0","0","0","0","5","5.00000000000001","0","0"
"235","4.99999999999999","0","0","5","0","0","-4.99999999999999","0","0","0"
"236","-5","-5","0","0","-4.81083594845766","0","0","0","0","0"
"237","0","0","0","5","0","0","-4.99999999999999","0","-5","0"
"238","4.99999999999999","0","0","0","0","4.99999999999999","0","0","5","0"
"239","0","-4.4480479340947","0","0","0","0","0","-4.99999999999998","0","4.44804793409467"
"240","-4.90759860429213","0","0","0","0","0","-5","0","4.90759860429213","0"
"241","0","-5.00000000000005","0","5","0","0","0","5.00000000000004","0","0"
"242","-5","0","0","0","0","-5","0","0","-5","0"
"243","0","0","0","0","10","0","0","-5","0","0"
"244","0","0","4.53013065213232","0","0","0","0","0","4.53013065213232","-4.53013065213232"
"245","0","5","0","-4.63022128151921","0","-5.00000000000002","0","0","0","0"
"246","5","-5","0","0","0","0","-5.00000000000001","0","0","0"
"247","0","0","-4.99999999999999","0","0","0","-5","0","0","-5.00000000000001"
"248","0","0","0","0","7.50000000000002","0","0","0","7.50000000000002","0"
"249","-5","0","0","0","0","0","5.00000000000001","0","0","-5"
"250","-5","0","-4.88396138152928","0","0","5","0","0","0","0"
"251","0","0","5.67974630665125","4.32025369334874","0","0","0","0","-4.99999999999999","0"
"252","-5","0","0","5","0","0","-5","0","0","0"
"253","4.99999999999999","-4.99999999999999","5","0","0","0","0","0","0","0"
"254","0","0","0","0","0","0","5.00000000000001","-5.00000000000001","0","5"
"255","0","0","1.32780130422316e-15","0","2.87324463116321e-16","0","-4.99999999999998","0","0","0"
"256","0","-4.99999999999999","0","0","5","0","5","0","0","0"
"257","0","-5","-2.63646679605067","-7.36353320394934","0","0","0","0","0","0"
"258","0","5.00000000000002","0","0","0","0","0","5","0","5.00000000000001"
"259","0","0","0","0","4.99999999999999","0","-4.99999999999999","4.99999999999999","0","0"
"260","0","0","0","0","0","-5","5.00000000000001","0","5","0"
"261","4.44070837915643","0","-4.44070837915643","0","0","0","0","0","0","-5.55929162084357"
"262","0","-5.00000000000002","5","0","0","0","0","5.00000000000002","0","0"
"263","0","4.65162971359813","4.65162971359814","0","0","0","0","0","-5.34837028640187","0"
"264","0","0","0","0","2.41790543793452","-5.00000000000001","-4.99999999999999","0","0","0"
"265","-5","-4.99999999999999","0","0","0","0","0","0","0","-5"
"266","0","0","0","0","5","-5.00000000000001","-5","0","0","0"
"267","0","0","0.474258731775667","9.52574126822433","0","0","-5","0","0","0"
"268","0","0","0","0","5","0","5","0","5.00000000000001","0"
"269","0","0","-8.31691470124962e-17","0","1.00313695300739e-17","0","0","0","0","5.00000000000001"
"270","0","4.99999999999998","0","0","0","0","0","-4.99999999999999","-5","0"
"271","0","-5.00000000000002","0","0","0","0","5","5.00000000000001","0","0"
"272","0","0.118578245339329","0","0","0","0","0","0","0.118578245339328","-0.118578245339329"
"273","0","0","0","0","-2.07971994382732","0","0","-10.8405601123454","-2.07971994382732","0"
"274","0","-4.68957754107416","0","-4.52914425166655","-4.52914425166655","0","0","0","0","0"
"275","0","5","8.17813638050042e-17","1.4100239348408e-17","0","0","0","0","0","0"
"276","0","0","-9.56153206348251","-0.438467936517495","0","0","0","0","-5.00000000000001","0"
"277","-5","0","-5","0","0","-5","0","0","0","0"
"278","0","0","0","3.31229395100268","-6.68770604899733","0","0","0","2.79521245660868","0"
"279","0","0","0","-5","0","0","0","5","0","-5"
"280","0","0","0","0","0","0","-4.99999999999999","0","-5","5"
"281","-4.77921656813557","0","0","0","0","0","-4.99999999999998","0","4.77921656813556","0"
"282","4.71696245415629","-4.71696245415627","0","0","0","0","0","4.99999999999997","0","0"
"283","0","0","0","-4.70264676106333","5.29735323893666","0","0","0","0","4.91410856863028"
"284","0","4.99999999999997","0","0","0","0","5","5.00000000000002","0","0"
"285","5","0","0","0","0","0","0","5","5","0"
"286","0","0","0","0","0","0","5.00000000000001","0","0","4.01213126405454"
"287","0","0","-0.976903006348336","-9.02309699365166","0","0","0","-5","0","0"
"288","0","2.85946062084008","4.36347725091588","0","0","-5.85621575166398","0","0","0","0"
"289","0","-4.79260695855025","0","0","5","0","0","0","-4.79260695855025","0"
"290","0","5.00000000000004","0","0","0","0","-5","4.99999999999997","0","0"
"291","-5","0","0","0","4.86603537244028","5","0","0","0","0"
"292","4.99999999999999","0","0","0","0","0","0","-4.99999999999999","0","-4.99999999999999"
"293","5","0","-5","0","0","-5","0","0","0","0"
"294","-4.83000290145817","4.83000290145817","0","0","0","0","0","0","-5.16999709854183","0"
"295","0","0","0","-4.90155083126642","0","-5.00000000000002","0","0","5.00000000000001","0"
"296","0","0","0","-5","0","0","0","4.99999999999999","-5","0"
"297","0","0","0","1.48064338186059","0","0","0","5","0","-5"
"298","5","0","0","0","0","0","0","5","5","0"
"299","0","5","0","0","4.77014136162449","0","5","0","0","0"
"300","0","0","-3.52753866732603","0","0","0","0","4.99999999999999","0","-4.99999999999999"
"301","0","-2.62477243669973","-2.62477243669973","0","0","0","0","0","7.37522756330028","0"
"302","0","17.5","0","0","0","0","0","0","0","0"
"303","0","0","0","0","5.00000000000001","0","-4.99999999999998","0","0","-5"
"304","4.67855729710041","0","0","0","0","0","4.99999999999998","0","-4.6785572971004","0"
"305","0","5","0","5","0","0","-4.99999999999999","0","0","0"
"306","0","5.48434965426109","-4.51565034573891","0","0","0","0","0","0","-5.48434965426108"
"307","0.310315734263546","-0.310315734263546","9.68968426573645","0","0","0","0","0","0","0"
"308","5.00000000000001","0","0","-5","0","0","4.99999999999998","0","0","0"
"309","0","5","0","4.70783442356763","0","0","0","0","-5.00000000000001","0"
"310","0","0","5","0","0","0","0","5","0","-4.99999999999999"
"311","0","-6.53318962681114","3.46681037318885","0","0","0","0","0","3.46681037318885","0"
"312","0","0","0","0","0","0","0","5","0","0"
"313","0","0","-0.317119180889628","0","0.317119180889628","0","5","0","0","0"
"314","0","0","5","0","0","5","0","0","0","-5"
"315","5","0","0","0","0","0","0","-5","-5.00000000000001","0"
"316","0","4.99999999999999","0","0","0","-5","-5","0","0","0"
"317","0","-5.00000000000003","0","5","0","0","0","5.00000000000003","0","0"
"318","-4.63843550079416","4.63843550079416","-4.85198014333852","0","0","0","0","0","0","0"
"319","3.56775264322329","0","0","-0.903168156247645","-0.903168156247645","0","0","0","0","0"
"320","0","0","0","0","0","4.99999999999998","-5.00000000000001","0","5","0"
"321","0","0","0","0","-5","-5","4.99999999999999","0","0","0"
"322","-5","0","0","-5","0","0","-5.00000000000001","0","0","0"
"323","0","0","0","0","-5","5.00000000000001","5","0","0","0"
"324","0","0","0","4.4154737597091","0","0","-5.00000000000001","0","0","4.99999999999999"
"325","4.85457395307475","-4.85457395307473","0","0","0","0","0","-5.00000000000001","0","0"
"326","0","0","0","0","0","-4.99999999999999","-5","0","0","-5"
"327","10","0","0","0","0","0","0","0","0","0"
"328","0","-5.00000000000002","5","0","0","0","0","5.00000000000001","0","0"
"329","0","0","0","0","0","-4.46644032327659","0","0","0","0"
"330","5","0","0","0","0","0","5","-5","0","0"
"331","0","0","0","0","7.37596232121293e-17","0","0","0","0","-5"
"332","0","0","0","-5","0","-5.00000000000001","0","0","5","0"
"333","5","0","0","0","5","0","0","-5","0","0"
"334","0","0","-2.10997774387184","-7.78868881994147","0","0","0","0","0","4.8986665638133"
"335","-8.11229665600928","-1.88770334399073","0","0","0","0","0","0","0","-8.11229665600928"
"336","5.00000000000001","0","0","5","0","0","4.99999999999999","0","0","0"
"337","-5","0","0","0","-5","0","0","5","0","0"
"338","5","0","0","0","0","0","-5","0","0","5"
"339","0","0","-5","0","0","-4.99999999999999","0","0","0","-5"
"340","0","0","0","-6.57623849573428","3.42376150426572","0","5","0","0","0"
"341","0","0","-10","0","0","0","0","0","-5","0"
"342","0","8.30049502284531","0","0","5.66009900456906","0","0","0","-4.33990099543095","0"
"343","0","0","5","0","0","0","-5","0","-5","0"
"344","-3.8360484975938","0","3.8360484975938","0","0","0","0","-5","0","0"
"345","6.51276643436536","3.48723356563464","3.48723356563464","0","0","0","0","0","0","0"
"346","0","0","-5","0","0","-5","0","0","5","0"
"347","0","0","-5","-5","0","0","0","-5","0","0"
"348","0","0","0","0","0","0","0","5","0","0"
"349","-5","0","-3.97339664233555","0","0","0","0","-5","0","0"
"350","0","0","0","0","-5","0","0","5","0","5"
"351","0","5","0","0","0","0","4.99999999999999","0","0","5"
"352","0","0","0","0","-0.129779972777566","0","0","0","-0.129779972777566","-5.16630688400993"
"353","0","0","4.4435253003967","0","0","0","-4.99999999999999","0","-5","0"
"354","0","0","0","0","0","5.00000000000001","-4.99999999999999","0","-5.00000000000001","0"
"355","0","0","0","-5","0","0","0","5","0","5"
"356","0","-5","0","0","0","0","-5","0","-5","0"
"357","-5","0","0","0","-5","-5","0","0","0","0"
"358","0","0","0","0","0","4.99999999999999","4.99999999999999","0","5","0"
"359","0","0","0","0","-2.35873145804059","10.2825370839188","0","0","7.64126854195941","0"
"360","0","-4.92344015374047","0","-0.175573597289459","-0.175573597289459","0","0","0","0","0"
"361","0","-3.18208048861695","0","0","-4.63641609772339","5.72716780455324","0","0","0","0"
"362","0","15","0","0","0","0","0","0","0","0"
"363","5","0","0","5","0","0","0","0","-5","0"
"364","0","0","4.81969032015991","5.18030967984009","0","0","0","0","0","5"
"365","0","0","0","4.41591935791743","4.41591935791743","0","0","5","0","0"
"366","5","0","0","0","-5","0","5","0","0","0"
"367","0","4.84063834347173","0","0","4.48229491671718","0","0","5.06374466261132","0","0"
"368","-5.00000000000002","0","0","0","0","0","-4.99999999999996","0","0","5"
"369","0","0","0","2.84957615726632","2.84957615726632","0","0","5","0","0"
"370","0","0","0","-0.100045878425988","-0.100045878425988","0","0","0","0","-5.06276364538379"
"371","-5","0","0","0","0","0","-4.99999999999999","0","0","-5"
"372","-5","-4.99999999999999","0","0","0","0","5","0","0","0"
"373","0","0","0","0","0","-9.66563506950714","0","-0.334364930492854","2.66718246524643","0"
"374","0","0","0","4.99999999999999","0","0","0","-4.99999999999999","0","5.00000000000001"
"375","0","0","-5.32758763491993e-17","-5.76309467447456e-17","0","0","5","0","0","0"
"376","0","0","0","-5","0","-5","-5","0","0","0"
"377","0","0","5","0","0","0","0","0","-5","-5"
"378","0","0","0","-10","0","0","0","5","0","0"
"379","0","13.9226443123514","0","1.21547113752972","0","0","0","0","-1.21547113752972","0"
"380","0","0","0","0","0","0","-5","5","0","-4.99999999999999"
"381","5.22521572912123","0","0","0","0","0","0","0","4.77478427087879","-4.77478427087878"
"382","0","0","-5","0","0","0","0","0","5","5"
"383","0","0","-5","0","0","0","-5.00000000000001","0","0","-5"
"384","5","0","0","0","0","0","-4.99999999999998","0","4.99999999999999","0"
"385","0","0","0","0","0.328532402276899","0","0","5","0","5"
"386","-5","0","0","0","0","0","0","-5","0","-5"
"387","0","4.99999999999999","0","0","0","0","-4.99999999999999","0","5","0"
"388","-5.00000000000001","0","5","0","0","0","0","0","0","5"
"389","0","0","0","0","-5","-5","4.99999999999999","0","0","0"
"390","0","-5.00000000000002","0","0","0","0","-5","5.00000000000001","0","0"
"391","0","0","0","0","-2.91996232022416","0","0","0","-2.91996232022416","2.91996232022416"
"392","0","6.48006889382492","-3.51993110617508","0","0","0","0","0","-3.51993110617508","0"
"393","0","0","-5","-5","0","0","-5","0","0","0"
"394","-5","0","0","0","-5","0","-5","0","0","0"
"395","0","0","0","0","0","0","5.00000000000002","5","4.99999999999999","0"
"396","0","0","0","0","5","0","-5","0","5","0"
"397","0","4.99999999999999","0","0","0","0","0","-4.99999999999999","0","5"
"398","5","0","0","4.59438051628783","0","5","0","0","0","0"
"399","0","0","-3.12316181498863","0","-6.87683818501138","0","0","0","0","5.00000000000001"
"400","0","0","0","5","-5","5","0","0","0","0"
"401","0","0","0.431099786718032","0","0","0","0","5","0","-5"
"402","0","5.00000000000001","0","4.99999999999999","0","0","-4.99999999999999","0","0","0"
"403","0","0","0","0.516430506160275","0","0","0","-13.9671389876795","-0.516430506160274","0"
"404","0","0","0","-5","0","0","0","-5","0","5"
"405","0","6.96779499479728","0","0","0","-4.2128820020811","0","4.21288200208109","0","0"
"406","0","0","0","0","0","0","-5","5","-5","0"
"407","0","0","6.58134888180351","0","3.41865111819649","-5","0","0","0","0"
"408","0","0","-5","0","0","5","4.99999999999999","0","0","0"
"409","-4.94850228396398","4.94850228396398","0","0","0","0","-5.00000000000001","0","0","0"
"410","2.47833961008742","0","0","0","-2.04539128000424","0","0","0","-2.47833961008742","0"
"411","0","-5","0","0","5","0","0","0","0","5"
"412","0","-4.14951491285728","-4.14951491285728","0","0","0","0","0","0","4.14951491285728"
"413","0","0","0","0","-4.87532309343791e-15","0","0","5","0","0"
"414","5","0","-1.55805410903058","-8.44194589096942","0","0","0","0","0","0"
"415","0","0","7.3722587586483","2.62774124135171","0","0","0","-5","0","0"
"416","-5","0","0","0","0","0","0","0","0","0"
"417","0","0","4.3487082550084","0","5.6512917449916","0","5","0","0","0"
"418","0","0","0","0","0","-5","-5","0","0","-5"
"419","4.99999999999999","5.00000000000002","0","0","0","0","0","-5.00000000000001","0","0"
"420","4.99999999999999","0","0","-4.99999999999999","0","0","4.99999999999999","0","0","0"
"421","0","0","0","0","0","0","5.00000000000001","5","4.99999999999999","0"
"422","0","0","0","-5","0","0","-5","0","0","-5"
"423","-5","-5","0","0","5","0","0","0","0","0"
"424","5","0","0","-5","0","5","0","0","0","0"
"425","0","4.99999999999997","0","0","0","0","5","5.00000000000002","0","0"
"426","0","-5","5.28490844968062","0","4.71509155031938","0","0","0","0","0"
"427","-5","0","0","0","-5","0","0","0","-5","0"
"428","-5","0","0","0","0","0","0","0","0","0"
"429","0","0","0","0","5","-5.00000000000001","0","0","0","5"
"430","0","0","5","0","0","5","-4.99999999999999","0","0","0"
"431","-5","0","0","0","0","-5","4.99999999999999","0","0","0"
"432","0","7.50000000000001","0","0","7.5","0","0","0","0","0"
"433","-4.99999999999999","5","0","0","0","0","-5.00000000000002","0","0","0"
"434","0","-5","-5","0","0","0","0","0","0","-5"
"435","5","0","0","5","0","0","-4.99999999999999","0","0","0"
"436","-5","0","0","0","-5","0","4.99999999999999","0","0","0"
"437","4.54469416965065","0","0","0","0","0","0","0","-4.54469416965065","-5.45530583034934"
"438","0","-4.70105276915007","0","-3.48226601153035","-3.48226601153035","0","0","0","0","0"
"439","4.99999999999999","0","0","-5","0","0","0","0","5","0"
"440","0","5.00000000000002","0","-5","0","0","0","-5.00000000000002","0","0"
"441","0","-7.49999999999999","0","0","0","0","0","0","0","0"
"442","0","0","0","0","5","-5.00000000000001","0","0","0","5"
"443","0","0","0","-5","0","0","0","-4.99999999999999","4.99999999999999","0"
"444","-4.9301451153095","0","0","4.93014511530949","0","0","0","4.86029023061899","0","0"
"445","0","0","0","0","5.00000000000001","0","-5","-5","0","0"
"446","0","-2.29159020716278","0","0","-3.96823278016865","0","0","0","5.77134625643326","0"
"447","5","5","0","0","0","0","0","0","5","0"
"448","0","0","-5.01671363852362","0","0","0","0","-5","4.8229257501423","0"
"449","-5","0","0","0","4.35827304751277","0","0","5","0","0"
"450","0","7.97718934738836","0","0","0","0","0","-6.19087573895534","-4.40456213052233","0"
"451","0","0","-1.61792920939804","0","1.61792920939805","0","0","0","-5","0"
"452","0","4.03595002225269","-4.03595002225269","0","0","0","0","5.38561999109893","0","0"
"453","5","0","0","0","5","0","-5.00000000000001","0","0","0"
"454","0","-5.00000000000005","5","0","0","0","0","5.00000000000004","0","0"
"455","0","0","0","2.5","0","0","0","0","0","0"
"456","0","-5.00000000000004","4.87734575185596","0","0","0","0","5.00000000000004","0","0"
"457","4.40953381225558","-4.40953381225557","0","0","5.15057688911137","0","0","0","0","0"
"458","-5","5","0","0","0","0","4.99999999999999","0","0","0"
"459","-0.196245216848326","0","0.196245216848326","0","0","0","0","0","0","-0.196245216848326"
"460","0","0","3.98534095264665","0","0","0","4.99999999999999","0","-4.99999999999999","0"
"461","0","5","0","0","0","0","0","5","0","0"
"462","-5","0","0","3.19527855619536e-17","0","0","0","0","0","0"
"463","5","0","0","0","-5","0","0","0","0","-5"
"464","0","0","5","0","0","0","0","-5","0","5.00000000000001"
"465","0","0","0","0","5","4.99999999999999","0","0","-5.00000000000001","0"
"466","0","0","0","0","3.58100653414282","0","0","0","3.58100653414282","-3.58100653414282"
"467","0","0","0","5","0","0","5","0","-5","0"
"468","0","0","0","0","-5","0","5","-5","0","0"
"469","0","0","0","-5","0","-4.99999999999999","0","-5","0","0"
"470","3.84672929639802","6.15327070360198","0","0","0","0","0","0","-3.84672929639801","0"
"471","0","-2.93304213711768","0","0","5.41339157257647","0","0","0","-4.58660842742354","0"
"472","5","0","-5","0","0","0","5.00000000000001","0","0","0"
"473","0","0","0","4.55672930033218","0","0","0","4.11345860066438","-4.55672930033218","0"
"474","0","0","0","5","0","-5.00000000000001","0","-5.00000000000001","0","0"
"475","0","-2.62732917175426","0","-1.72652322868442","0","0","0","0","0","1.8851848414954"
"476","0","-1.01625463895543","0","5","0","0","0","0","0","1.01625463895543"
"477","-5","0","0","0","8.27899496842145e-17","0","0","0","0","0"
"478","0","0","-5","0","0","0","0","-5","5","0"
"479","0","0","3.68880474496446","0","0","0","0","0","3.68880474496446","6.31119525503554"
"480","0","0","0","0","5","5.00000000000002","0","0","0","5"
"481","0","0","0","-5","0","6.7479997441435","0","0","-4.12600012792824","0"
"482","0","0","3.43195428610702","0","0","-4.99999999999999","4.99999999999999","0","0","0"
"483","0","0","0","0","1.7250312505665","-5.00000000000001","0","-5.00000000000001","0","0"
"484","5","0","0","0","-5","5","0","0","0","0"
"485","0","0","0","0","-4.88997556013684","0","-5","5","0","0"
"486","0","-5","0","5","0","-4.99999999999999","0","0","0","0"
"487","0","0","0","-4.48961857560817","0","-4.99999999999999","0","0","-5","0"
"488","-5.00000000000001","0","0","0","0","0","0","4.01652903576021","-4.5082645178801","0"
"489","5.00000000000001","0","0","0","0","-4.99999999999999","-5.00000000000003","0","0","0"
"490","0","-18.6806120659954","0","0","0","-4.47224482639816","0","0","0.263877586800919","0"
"491","0","-4.42548986304866","5.17099263339731","0","0","0","0","0","-4.69450153208469","0"
"492","0","0","0","1.11761386636237e-18","0","0","0","0","0","5"
"493","-4.99999999999999","0","0","0","0","5.00000000000001","0","5","0","0"
"494","0","-4.99999999999998","0","0","5","0","0","4.99999999999998","0","0"
"495","0","0","4.99999999999999","0","0","5","0","0","0","5.00000000000001"
"496","0","0","-5","0","0","0","0","5","5.00000000000001","0"
"497","0","0","0","0","0","0","0","4.84613741863007","5.07693129068497","-5"
"498","0","0","0","0.384066455438503","0","0","0","0","0.384066455438501","-0.384066455438503"
"499","0","0","0","0","-3.58168092807332","0","0","-7.83663814385339","-3.58168092807332","0"
"500","0","0","0","0","-5","-5","-5","0","0","0"
"501","0","0","5.56532228966739","0","4.43467771033261","0","0","5","0","0"
"502","0","0","-0.106088002113833","0.106088002113833","0","0","-5.00000000000001","0","0","0"
"503","0","0","0","0","0","0","0","0","-9.99999999999999","0"
"504","0","0","0","0","10","-5","0","0","0","0"
"505","0","0","0","0","-5","5.00000000000001","0","-4.99999999999999","0","0"
"506","0","0","5.07367611728963","0","4.92632388271037","0","4.99999999999999","0","0","0"
"507","0","0","5","0","0","0","0","-5","0","5"
"508","0","0","0","0","0","4.99999999999999","5","0","0","5"
"509","0","0","0","-5","0","5","5","0","0","0"
"510","0","-4.71522975930221","-4.71522975930221","0","0","0","-5","0","0","0"
"511","0","0","10","0","0","0","0","0","0","0"
"512","0","5.00000000000002","0","0","0","0","-5","-5.00000000000001","0","0"
"513","0","0","0","0","5","-5.00000000000001","0","0","5.00000000000001","0"
"514","0","0","0","0","0","0","-5.00000000000001","0","-5","-5"
"515","0","4.88677097910699","0","2.4949827383767e-15","-2.30721597741726e-15","0","0","0","0","0"
"516","0","0","-5.18432183810146e-16","0","0","0","0","0","0","-5"
"517","0","5.00000000000002","0","5","0","0","0","-5.00000000000001","0","0"
"518","-5","0","5","0","0","0","0","0","-5","0"
"519","-5.23112215415764","-4.76887784584236","-4.76887784584236","0","0","0","0","0","0","0"
"520","0","0","0","-4.40938447835367","0","0","-4.99999999999999","-4.99999999999999","0","0"
"521","-6.31109429015673","0","0","0","-3.68890570984327","0","0","0","0","3.68890570984327"
"522","0","0","0","5","0","0","4.99999999999999","0","0","5"
"523","0","0","0","-5","5.00000000000001","0","0","-4.99999999999999","0","0"
"524","0","0","-0.289623705005129","0","0","-4.99999999999999","0","0","0","3.6643563947259"
"525","0","0","9.41643905103216","0","0","0","0","0","-0.40248782976939","0.402487829769391"
"526","4.99999999999999","0","0","0","0","0","5.00000000000001","-5","0","0"
"527","7.79009092196294","2.20990907803704","0","0","0","0","0","0","2.20990907803704","0"
"528","5.00000000000001","0","0","0","0","0","4.99999999999999","5","0","0"
"529","0","-5","0","0","1.2260831668025e-17","0","0","0","0","0"
"530","0","0","0","0","0","0","0","0","0","0"
"531","0","0","0","4.99999999999999","0","4.99999999999998","0","4.99999999999999","0","0"
"532","-5","0","0","0","4.80231796080855","0","-5.00000000000001","0","0","0"
"533","5","0","4.82163673141713","0","0","-5","0","0","0","0"
"534","5","0","-0.162375900904898","0.162375900904897","0","0","0","0","0","0"
"535","5","0","0","0","0","0","-4.99999999999999","5","0","0"
"536","0","5","-5","-5","0","0","0","0","0","0"
"537","4.32141322818781","0","0","-3.44701302732166","6.55298697267834","0","0","0","0","0"
"538","5","0","0","0","5","-5","0","0","0","0"
"539","5","0","-5","0","0","0","5","0","0","0"
"540","0","-5","-5","0","0","-5","0","0","0","0"
"541","0","0","0","0","-4.99999999999999","0","0","0","4.79400829814619","-4.79400829814618"
"542","0","0","0","-5","0","5","-5","0","0","0"
"543","0","-5.00000000000001","0","0","0","-5.00000000000002","0","0","0","5"
"544","0","0","0","0","-5","-5","0","0","0","-5"
"545","0","0","5.79223963192707","4.20776036807292","-5.79223963192707","0","0","0","0","0"
"546","-5.00000000000001","0","2.48037607070514e-16","0","-1.01471684659882e-17","0","0","0","0","0"
"547","0","0","0","-6.90202323172511e-16","0","0","0","-5","0","0"
"548","0","0","0.132921999206233","0","-0.132921999206234","0","0","0","0","5"
"549","-5","0","0","0","-5","0","0","0","-5","0"
"550","-5","0","1.95471897776633","0","8.04528102223367","0","0","0","0","0"
"551","0","0","0","-5","0","0","5.00000000000002","0","4.99999999999999","0"
"552","0","2.87226541195596","2.87226541195596","0","0","0","0","0","-7.12773458804403","0"
"553","0","5","0","-5","0","-5","0","0","0","0"
"554","0","0","-0.0870313692864345","0.0870313692864345","0","0","0","-5.35773481047413","0","0"
"555","0","0","0","1.34490005070578","1.34490005070578","0","0","0","-4.58394230132172","0"
"556","0","0","0","0","0","5","0","0","0","0"
"557","-5.00000000000001","0","0","-6.56559387450862","3.43440612549138","0","0","0","0","0"
"558","-5","0","0","0","0","0","0","4.00700283162663","-4.50350141581332","0"
"559","0","0","9.99999999999999","0","0","0","0","0","0","0"
"560","5","-5","0","0","-5","0","0","0","0","0"
"561","2.57474281981059","-2.57474281981059","0","-2.57474281981059","0","0","0","0","0","0"
"562","-5","0","-5","0","0","0","0","5","0","0"
"563","0","0","-5","0","0","-5","5","0","0","0"
"564","0","0","0","0","0","0","0","0","5.00000000000001","0"
"565","0","0","0","0","5","0","0","5.00000000000001","0","-5"
"566","0","3.71803734594734","0","0","4.74360746918947","0","0","5.51278506162107","0","0"
"567","4.99999999999999","0","0","0","-4.85731394918141","0","-4.99999999999998","0","0","0"
"568","0","4.99999999999999","4.76609582223526","0","0","0","-5.00000000000001","0","0","0"
"569","0","0","0","-5","0","4.99999999999999","0","5","0","0"
"570","0","-5.00000000000002","5","0","0","4.99999999999997","0","0","0","0"
"571","0","0","-7.26592926519641","0","-2.73407073480359","-5","0","0","0","0"
"572","0","0","0","0","4.99999999999999","-5","0","-5.00000000000001","0","0"
"573","0","-5","0","0","4.56859543019273","-5","0","0","0","0"
"574","0","0","-6.24890181161289e-16","0","-2.24244915052629e-16","0","4.99999999999999","0","0","0"
"575","0","0","0.161667943994413","0","0","-3.76344458929959","0","3.76344458929959","0","0"
"576","0","0","-4.22203303864103","0","0","5.00000000000001","0","5.00000000000001","0","0"
"577","0","-5.00000000000001","4.23140538915761","0","-4.23140538915761","0","0","0","0","0"
"578","5","0","0","0","0","0","0","0","5","-5"
"579","0","0","0","8.89434976448069","-1.10565023551929","0","0","0","0","5"
"580","-5","0","0","0","0","5.00000000000001","0","0","-5.00000000000001","0"
"581","0","0","0","0","5","5","5","0","0","0"
"582","0","-4.93137197982366","-6.89159733539238","0","-3.03977464443128","0","0","0","0","0"
"583","0","0","-0.308944290517321","0","0","0","0","0","-0.308944290517321","-9.69105570948267"
"584","0","-5","0","0","-5","0","0","0","0","5"
"585","0","0","0","0","0","0","0","0","0","4.74877417971188e-19"
"586","0","20","0","0","0","0","0","0","0","0"
"587","5.00000000000001","0","0","0","0","-4.99999999999999","-5.00000000000002","0","0","0"
"588","-5","0","0","0","0","0","-5","0","5","0"
"589","5","0","0","5","5","0","0","0","0","0"
"590","0","0","0","-3.99536674073897","-3.99536674073897","0","0","0","5","0"
"591","-4.61178670875224","0","0","-2.00958855309283e-16","0","0","0","0","0","0"
"592","0","0","-10","0","0","-5.00000000000001","0","0","0","0"
"593","5","0","-0.114143047421206","0.114143047421206","0","0","0","0","0","0"
"594","0","0","4.89944144167059","0","0","5.47949936215754","0","0","-4.76025031892124","0"
"595","0","4.99999999999999","0","0","-5","0","5","0","0","0"
"596","-1.37034309530598","0","1.37034309530598","0","0","0","0","0","1.37034309530598","0"
"597","0","0","0","-3.02080221842766e-17","0","0","5","0","0","0"
"598","0","0","0","0","3.96806402612229","2.93612805224459","0","-2.93612805224456","0","0"
"599","0","4.99999999999998","0","0","-4.88768797652997","4.99999999999997","0","0","0","0"
"600","0","0","-4.54677066078419","0","0","0","-5","0","0","-5.00000000000001"
"601","0","0","0","0","4.99999999999999","0","-5.00000000000001","0","0","5"
"602","0","0","4.53101977060809","0","0","0","-5","0","0","5"
"603","0","0","0","0","-5","-5.00000000000001","0","-5","0","0"
"604","0.123018795867254","0","0","0","0","-4.68820660929858","0","0","0","0.123018795867254"
"605","-5","0","0","-5","0","5","0","0","0","0"
"606","0","0","0","-1.40081615174364","0","5.00000000000001","0","5.00000000000001","0","0"
"607","0","11.6965661474146","0","0","6.33931322948292","0","0","0","-3.66068677051709","0"
"608","0","4.61522493033006","0","4.94819102876407","0","-5.1331864393736","0","0","0","0"
"609","0","-5","0","5","0","0","0","0","-5","0"
"610","-5","0","0","0","0","0","5.00000000000001","-5","0","0"
"611","0","0","-4.1024593185579","0","0","0","4.99999999999998","0","-4.10245931855789","0"
"612","-5.00000000000001","0","0","0","-5","0","0","5.00000000000001","0","0"
"613","0","0","0","0","0","-5.00000000000001","5","-5","0","0"
"614","0","5","0","0","0","-4.99999999999999","0","0","0","-5"
"615","0","-5","0","0","0","0","5","0","5","0"
"616","0","0","0","0","-4.67495987508399","0","0","0","-4.67495987508399","4.67495987508399"
"617","0","0","0","0","-5","-5","0","-5","0","0"
"618","0","4.99999999999999","0","0","0","-5.00000000000001","-5.00000000000001","0","0","0"
"619","0","0","0","10","0","0","0","0","-5","0"
"620","5","0","0","0","0","-5","0","0","-5","0"
"621","0","0","-10","0","0","0","0","0","0","0"
"622","0","0","0","0","0","-0.117211482238239","0","0.117211482238239","7.44139425888088","0"
"623","0","0","-5.00000000000001","0","0","0","-4.99999999999999","0","0","5.00000000000001"
"624","2.05361983953842","-2.05361983953842","7.63336829765659","0","0","0","0","0","0","0"
"625","0","0","-2.02115169100766e-15","0","0","0","0","0","0","0"
"626","5","0","0","0","0","0","-5","-5","0","0"
"627","0","6.12454831289725","0","0","0","-0.550180674841095","0","-9.4498193251589","0","0"
"628","-5","0","0","0","0","-5","5","0","0","0"
"629","0","0","0","0","-5","0","0","-5","0","5"
"630","0","0","0","0","1.11021144755257e-15","0","0","-5","0","0"
"631","0","0","0","0","5","0","0","5","0","-5"
"632","0","5","0","0","0","-5.00000000000001","-5","0","0","0"
"633","0","0","0","0","0","-5","0","-5","5","0"
"634","5","0","0","0","5","0","5","0","0","0"
"635","5","0","0","0","5","-5","0","0","0","0"
"636","0","-1.26375948295651","0","0","0","0","0","0","8.73624051704348","1.26375948295651"
"637","0","5.00000000000001","0","5","0","0","5","0","0","0"
"638","0","6.43736826636752","0","0","0","0","0","0.425052693452996","-2.71252634672649","0"
"639","0","5","6.5839390053578e-17","0","1.94395365569249e-16","0","0","0","0","0"
"640","0","0","-4.83699370581875","0","0","0","0","5.00000000000001","0","5.00000000000001"
"641","0","0","0","0","0","0","0","0","0","-5"
"642","-5","0","0","0","0","0","5.00000000000001","-5","0","0"
"643","-2.65910252159475","0","0","0","0","0","0","0","2.65910252159475","0"
"644","10","0","0","0","0","0","0","0","0","0"
"645","0","0","-1.49315224853873e-16","-1.59528990892373e-16","5.271401538894e-16","0","0","0","0","0"
"646","0","0","0","0","0","-5","-4.99999999999999","0","0","5"
"647","0","0","-5","0","0","5","0","-5","0","0"
"648","0","0","0","0","0","0","0","4.99999999999999","-3.93723760636891","3.93723760636891"
"649","0","5.09566326858087","0","0","-4.90433673141913","0","0","0","0","4.90433673141913"
"650","-5.00000000000001","0","0","0","0","0","0","-5","0","5"
"651","0","3.96006138792189","0","0","0","0","0","-4.58402455516876","-5.20798772241563","0"
"652","5","0","0","0","0","4.99999999999999","0","-5","0","0"
"653","0","0","2.8209116416622","0","7.17908835833778","0","4.99999999999998","0","0","0"
"654","0","5","-5","0","0","5","0","0","0","0"
"655","0","0","3.30821903682436","0","0","0","0","-5","0","-5"
"656","0","0","0","0","-5","0","0","5","0","5"
"657","0","0","0","0","5","0","-5","-5","0","0"
"658","5","-5","0","0","4.76287063411216","0","0","0","0","0"
"659","0","0","0","5","0","0","-5","-5","0","0"
"660","0","5","-5","0","0","0","0","5","0","0"
"661","0","-5","0","4.90737871263407","0","0","5","0","0","0"
"662","0","0","0","0","6.70991349062652","-1.58017301874699","0","0","6.70991349062652","0"
"663","0","0","3.09639079620991","0","0","0","0","-5","0","5"
"664","0","5","0","5","0","0","0","5.00000000000001","0","0"
"665","0","0","0","4.4751078386207","0","0","0","-5.00000000000001","0","-5.00000000000001"
"666","0","0","0","-4.73679156890211","0","-4.4735831378042","0","0","-4.73679156890212","0"
"667","-5","0","0","0","-5","0","0","-5","0","0"
"668","0","0","0","-4.93481189488121","0","0","0","5","0","5"
"669","0","0","0","0","0","0","5","-5","0","-5"
"670","-0.575075553053959","0","0.57507555305396","0","0","5.00000000000001","0","0","0","0"
"671","5","0","0","0","5","0","-4.99999999999999","0","0","0"
"672","0","0","0","0","-5","5","5","0","0","0"
"673","0","-4.99999999999999","0","0","5.00000000000001","0","5","0","0","0"
"674","4.99999999999999","0","0","0","0","-5.00000000000001","0","0","5","0"
"675","0","-4.99999999999999","0","0","0","5.00000000000001","0","0","0","-5"
"676","0","-4.79846594541979","0","0","0","0","0","-5.08061362183208","0","-5"
"677","0","0","0","0","5.25495507978704","-4.49008984042594","0","0","5.25495507978704","0"
"678","0","0","5","0","0","0","0","5","5","0"
"679","0","0","-4.74097569036528","0","0","0","5.00000000000002","0","0","4.74097569036528"
"680","5","0","0","-5","0","0","0","-5","0","0"
"681","0","0","0","0","4.99999999999999","0","0","-5.00000000000001","-5.00000000000002","0"
"682","0","0","5","0","0","0","-5.00000000000001","0","5","0"
"683","0","-5","0","0","0","0","5","0","0","5"
"684","0","-5","0","0","0","5","0","0","-5","0"
"685","-3.76438014396301","0","3.68846289664588","0","0","-5","0","0","0","0"
"686","0","0","0","-4.82762172088612","0","0","-5.00000000000001","4.99999999999999","0","0"
"687","-3.89595081240854","0","0","0","0","0","0","0","3.89595081240854","6.10404918759147"
"688","0","0","0.182917736176505","-0.182917736176505","0","0","0","0","0","-5"
"689","-5.00000000000001","0","0","0","0","0","0","5","5","0"
"690","-5","0","0","-5","0","0","-5","0","0","0"
"691","5","5","0","0","0","0","0","-5","0","0"
"692","5","-5","0","0","-5","0","0","0","0","0"
"693","0","20","0","0","0","0","0","0","0","0"
"694","-5","0","0","0","0","0","0","-5","0","-5.00000000000001"
"695","0","-5","0","4.87523412563088","0","-5","0","0","0","0"
"696","-5","0","0","0","2.38318866679805","5","0","0","0","0"
"697","0","0","5","0","0","0","5","-5","0","0"
"698","5.00000000000001","0","0","0","0","0","0","4.99999999999999","5","0"
"699","0","5","0","5","-5","0","0","0","0","0"
"700","0","0","1.21693884864162e-17","4.22395005796541e-16","0","0","0","0","0","-5"
"701","0","0","0","0","0","4.99999999999999","0","-5","0","5"
"702","0","0","0","0","0","4.99999999999999","4.99999999999998","-5.00000000000001","0","0"
"703","0","0","0","0","0","5.00000000000001","0","5","0","5"
"704","0","0","0","0","5","0","0","0","0","0"
"705","0.655726143396484","-0.655726143396483","0","0","0","0","0","5","0","0"
"706","-5","0","0","0","0","-5.00000000000001","0","0","-5","0"
"707","0","0","0","4.80316731535901","0","0","0","4.60633463071802","-4.803167315359","0"
"708","0","0","0.370403995224425","-0.370403995224425","0","0","0","-5","0","0"
"709","0","0","0","0","0","0","0","0","0","0"
"710","-5","0","0","0","5","-5","0","0","0","0"
"711","0","0","0.646486465232284","0","0","0","0","0","-9.35351353476772","-0.646486465232284"
"712","0","0","-5.00000000000001","0","0","0","-4.99999999999999","0","0","5.00000000000001"
"713","0","0","0","0","0","-5","0","-5","0","-5"
"714","0","0","0","5.00000000000001","0","0","-5.00000000000002","0","0","5"
"715","0","-5","0","0","0","4.99999999999999","0","0","0","5"
"716","5","0","0","0","0","5","0","-5","0","0"
"717","0","0","0","0","0","0","4.99999999999999","-5","0","-5"
"718","0","0.0162741693336433","0","0","-5.99674516613329","0","0","-3.00650966773348","0","0"
"719","0","0","0","0","-5","0","5","5","0","0"
"720","0","-5","0","0","0","5","0","0","0","-5"
"721","5","0","0","4.71128005682067","0","0","-4.99999999999999","0","0","0"
"722","0","0","0","-5","0","0","-4.99999999999999","0","-5","0"
"723","0","0","-6.39065092487275","-3.60934907512725","0","0","0","0","0","-5"
"724","0","0","0.25124505726403","0","9.74875494273597","0","0","0","0","5"
"725","0","0","0","0","0","0","5","5","0","5"
"726","0","5","0","0.347170779195739","0.347170779195738","0","0","0","0","0"
"727","5.00000000000001","0","0","5","0","0","0","0","5","0"
"728","3.89614970308297e-16","0","0","0","0","0","0","0","0","-1.19138773709784e-16"
"729","0","0","1.34000483101667","8.65999516898333","-1.34000483101667","0","0","0","0","0"
"730","0","0","0","0","0","-5","0","0","5","5"
"731","0","0","-5","0","0","-4.99999999999999","0","0","0","-5"
"732","0","0","0","1.69905798740837","1.69905798740837","0","-5","0","0","0"
"733","5","0","-5","0","0","0","5.00000000000002","0","0","0"
"734","5","0","-4.89590902036176","0","0","-5.00000000000001","0","0","0","0"
"735","0","0","0","0","0","-5.00000000000001","5","0","5","0"
"736","0","0","-2.92943575390397","0","0","0","0","0","7.07056424609603","2.92943575390397"
"737","-5","0","-5.94026982618384","0","-4.05973017381616","0","0","0","0","0"
"738","0","0","-5","0","0","0","-4.99999999999998","0","4.99999999999999","0"
"739","0","5","0","0","-5","0","-5","0","0","0"
"740","0","0","-5","0","0","5","0","0","5","0"
"741","0","0","0","5","0","-5","0","-5","0","0"
"742","0","0","0","-2.68743903478421","0","-4.99999999999999","0","0","0","-5"
"743","0","0","0","5","0","0","4.99999999999999","0","5","0"
"744","0","-5.00000000000001","0","0","5.00000000000001","0","0","-4.99999999999999","0","0"
"745","0","0","0","-4.89409650217825","0","0","-4.99999999999998","0","5","0"
"746","0","0","0","0","-4.08040472196442","6.62633351903975","0","3.37366648096023","0","0"
"747","0","5.47124268269161","0","0","0","0","0","0","-4.52875731730839","4.52875731730838"
"748","0","5.00000000000001","4.89388199465947","0","5.10611800534053","0","0","0","0","0"
"749","5","0","0","5","0","0","0","0","5","0"
"750","0","0","0","5","0","0","0","5","0","-5"
"751","-5","0","0.0639947102086465","0","-0.0639947102086465","0","0","0","0","0"
"752","0","0","0","0","0","4.5279958626216","0","0","0","-0.236002068689202"
"753","-4.93057594658455","4.93057594658455","0","0","0","0","-5.00000000000001","0","0","0"
"754","0","-5","0","-5","0","4.99999999999999","0","0","0","0"
"755","5","0","4.83677306366525","0","0","0","0","-5","0","0"
"756","0","0","0","0","0","5","0","0","0","0"
"757","5.00000000000001","0","0","0","0","5.00000000000001","0","5.00000000000001","0","0"
"758","5","5","0","0","0","0","-4.99999999999999","0","0","0"
"759","0","0","0","3.86958980068391","-6.13041019931609","0","0","5","0","0"
"760","4.99999999999999","0","0","0","0","4.99999999999999","0","0","-5","0"
"761","0","0","-3.66478538419244","0","-6.33521461580756","0","0","-4.99999999999999","0","0"
"762","-5.00000000000001","0","0","-8.69724958628556","1.30275041371443","0","0","0","0","0"
"763","0","0","0","5","0","0","0","-4.99999999999999","-5","0"
"764","0","0","0","0","0","-5.00000000000001","0","0","0","0"
"765","0","0","5","0","0","0","5.00000000000001","5","0","0"
"766","0","-5","0","0","0","-5","5","0","0","0"
"767","0","-5","0","0","0","0","4.99999999999998","0","5","0"
"768","0","-5","0","0","0","5.00000000000001","-5.00000000000001","0","0","0"
"769","-5","0","0","6.84774809293643","-3.15225190706357","0","0","0","0","0"
"770","0","0","0","0","-5","0","0","-5","5.00000000000001","0"
"771","0","9.8280937647433","0","0","0","0","0","0","-0.171906235256686","0.171906235256685"
"772","0","0","0","0","-3.97475411721414","0","0","2.94950823442831","6.02524588278586","0"
"773","5","0","0","0","0","0","-5","0","0","5"
"774","0","0","0","10","0","0","0","0","0","0"
"775","0","0","0","0","0","-5.00000000000001","5","0","0","-5"
"776","0","0","0","0","5","0","5.00000000000001","0","-5","0"
"777","-5","0","-5","0","0","0","0","0","0","-5"
"778","0.0766686244563425","0","0","0","-4.95648653025187","0","0","0","0","0"
"779","0","0","0","-5","0","-5.00000000000001","0","0","0","-5"
"780","0","17.0810464008716","0","0","0","-0.167581439651364","0","0.167581439651364","0","0"
"781","0","0","0","0","-5.85732911015813","0","0","6.71465822031626","4.14267088984187","0"
"782","0","0","0","0","0","0","0","0","7.50000000000001","0"
"783","0","0","0","-4.72669154689798","0","0","-4.99999999999997","0","4.99999999999999","0"
"784","0","0","5","0","0","4.99999999999998","0","-5.00000000000001","0","0"
"785","0","5","0","0","0","-5","-5","0","0","0"
"786","0","0","1.38373661202877","0","0","0","0","5","0","-5"
"787","-5","0","0","0","-5","0","0","0","5","0"
"788","0","0","-5","0","0","0","5","5","0","0"
"789","0","0","0","3.92121396913729","0","0","5","0","-5","0"
"790","0","5","-5","0","0","0","0","5","0","0"
"791","0","0","0","-0.848316042940188","9.15168395705981","0","0","0","0","5"
"792","0","5.00000000000002","-5","0","0","0","0","-5.00000000000002","0","0"
"793","0","0","0","-3.69195685916865","6.30804314083134","0","0","0","5","0"
"794","0","0","-5","0","0","0","5","0","0","5.00000000000001"
"795","0","0","0","0","-5","0","-5","0","5.00000000000001","0"
"796","0","0","0","-5.06449073985105","0","-4.8710185202979","0","-5.1289814797021","0","0"
"797","0","0","-2.21140929288927e-16","0","0","0","0","0","-2.04861793011544e-16","-2.26128601317779e-17"
"798","0","-5.00000000000001","0","0","5","0","-5.00000000000001","0","0","0"
"799","-5","0","0","0","0","-5","0","0","0","5"
"800","0","5.00000000000002","0","0","0","-5","0","-5.00000000000002","0","0"
"801","0","-5.00000000000001","1.63139421260074","-1.63139421260074","0","0","0","0","0","0"
"802","0","0","0","-3.35399827238905","6.64600172761096","0","0","0","5.00000000000001","0"
"803","0","0","0","0","0","0","5","-5","0","5"
"804","0.387855196042764","-0.387855196042765","0","0","0","0","0","5","0","0"
"805","0","5","0","0","0","-4.99999999999999","0","0","0","-5"
"806","0","-5","-0.322137767104808","0","0.322137767104808","0","0","0","0","0"
"807","0","0","0","-5","0","-5.00000000000001","0","0","5","0"
"808","0","5","0","0","0","-5","0","0","0","5"
"809","0","-4.99999999999999","0","-5.00000000000001","0","0","0","0","0","-5"
"810","0","4.99999999999999","5","0","0","-5.00000000000001","0","0","0","0"
"811","0","0","0","-5","0","4.99999999999999","5.00000000000001","0","0","0"
"812","-5","0","0","0","0","0","5.00000000000001","5","0","0"
"813","0","0","5","0","0","5.00000000000001","0","4.99999999999998","0","0"
"814","-2.26859113874357","0","2.26859113874357","0","0","0","0","0","0","-2.26859113874357"
"815","-5","-5","0","0","-5","0","0","0","0","0"
"816","5.08258230742424","0","0","0.91696973027997","0.91696973027997","0","0","0","0","0"
"817","0","0","-2.55111500962423e-17","-8.91929948952026e-16","10","0","0","0","0","0"
"818","0","0","0","5","0","0","0","5","5","0"
"819","0","0","0","0","-5","0","0","5","0","-5"
"820","0","3.33179420007477","0","0","-3.0929081012751","-1.66728231997009","0","0","0","0"
"821","0","0","0","0","-0.635845204650776","0","0","-11.5677543402084","-1.71612282989581","0"
"822","-5","0","-3.40818026327239","0","0","5.00000000000002","0","0","0","0"
"823","0","0","0","0","0","4.99999999999999","-5","0","0","5"
"824","-4.99999999999999","0","0","0","5","0","-5.00000000000001","0","0","0"
"825","-2.92360698264483","0","0","2.92360698264482","0","0","0","0.847213965289638","0","0"
"826","5","-5","0","0","0","0","0","0","0","-5"
"827","0","0","0","0","0","5","-5.00000000000001","0","5","0"
"828","-5","0","0","0","0","-5","5","0","0","0"
"829","0","0","2.7004172999393","7.2995827000607","0","0","0","-5","0","0"
"830","0","0","0","0","-4.11607883653434","0","0","0","-4.11607883653434","4.11607883653434"
"831","0","-3.48345763822812","0","0","-4.69669152764562","-4.39338305529124","0","0","0","0"
"832","0","0","4.81746074400464","0","0","0","0","-4.99999999999999","0","5.00000000000001"
"833","0","0","0","5","0","0","5.00000000000001","0","-5","0"
"834","0","0","0","0","4.59528646846422","5","0","0","5","0"
"835","0","0","0","0","0","0","-5","-5","0","5"
"836","9.61221579343032","0.387784206569679","0","0","0","0","0","0","0","-0.387784206569679"
"837","-5","0","0","0","0","5.00000000000001","0","0","-5","0"
"838","0","0","0","-10","0","0","0","0","0","0"
"839","-5","-4.99999999999999","0","0","0","0","0","0","0","-5"
"840","0","1.64197074374564","0","0","1.64197074374564","0","0","0","0","-1.64197074374564"
"841","0","20","0","0","0","5","0","0","0","0"
"842","5","0","0","0","0","4.99999999999999","0","0","5","0"
"843","5","-5","0","0","-5","0","0","0","0","0"
"844","0","0","0","-4.72880370163519","0","0","-4.99999999999997","0","4.99999999999999","0"
"845","0","0","0","0","0","0","-5","5.00000000000001","0","5"
"846","-5","0","0","5","0","0","0","-4.99999999999999","0","0"
"847","0","0","-0.22806092333806","0","0","0","-5.00000000000001","0","-5","0"
"848","0","-1.72336772679918","0","-2.01054708777001","0","0","0","0","0","-8.27663227320081"
"849","0","5","0","0","0","0","-5","0","0","0"
"850","0","5","0","0","-4.99999999999999","0","0","-5","0","0"
"851","0","0","-1.49518896433653","0","1.49518896433653","0","0","0","-5","0"
"852","-0.35382465664489","0","0","-9.64617534335511","0","0","0","0","0","-0.353824656644891"
"853","0","0","0","0","0","0","-5","-5","5","0"
"854","0","0","0","0","0","0","0","-5","5","5"
"855","0","0","0","0","0","4.99999999999999","0","5","0","5"
"856","8.55408399983726","0","1.44591600016273","0","0","0","0","0","1.44591600016273","0"
"857","0","0","0","0","5","0","-5","0","-5","0"
"858","0","5","-5","0","0","4.99999999999999","0","0","0","0"
"859","0","0","0","-5","0","0","0","-5","4.99999999999999","0"
"860","0","0","0","-3.92584503805448","0","0","0","0","-3.92584503805448","3.92584503805448"
"861","-4.88852258364948","4.88852258364948","0","0","0","0","4.99999999999999","0","0","0"
"862","-5","0","0","0","0","5.00000000000001","-5.00000000000002","0","0","0"
"863","0","0","0","5","0","5","5.00000000000001","0","0","0"
"864","-5","0","0","0","-1.64979505171833","0","5","0","0","0"
"865","5","5","0","0","0","5","0","0","0","0"
"866","0","0","0","0","0","0","-4.99999999999998","0","4.99999999999999","-5"
"867","0","0","0","-0.0490285351923881","-0.049028535192388","0","0","0","0","-5"
"868","5","0","0","0","0","0","-4.99999999999999","-5","0","0"
"869","-5","0","0","0","0","5","-4.99999999999999","0","0","0"
"870","0","0","0","0","0","0","5","-5","0","5"
"871","0","0","-5","0","0","0","0","5","0","-4.99999999999999"
"872","4.71700315638313","0","0","-2.61023248370271","7.38976751629729","0","0","0","0","0"
"873","4.36403335131993","0","0","0","-3.85888354434658","0","0","0","0","4.36403335131994"
"874","0","0","0","6.6240022980148","-3.3759977019852","0","0","0","0","4.99999999999999"
"875","0","0","0","0","5.18626694045146","0","0","4.62746611909711","5.18626694045146","0"
"876","0","0","5","0","0","0","-5","0","0","-5"
"877","0","5.00000000000001","0","0","0","0","-5","0","0","-5"
"878","4.99999999999999","5.00000000000001","0","0","0","-5.00000000000001","0","0","0","0"
"879","0","0","5","0","-5.00000000000001","0","0","0","0","5"
"880","0","0","0.778492890113745","0","0","0","0","5","0","-5"
"881","0","0","-6.62412550330826e-18","0","0","0","0","-5","0","0"
"882","0","0","0","0","5","5.00000000000002","0","0","0","5"
"883","5","0","0","0","5","0","0","0","0","-5"
"884","0","0","0","4.83814044785665","0","0","5.00000000000001","0","-5","0"
"885","0","5","-5","0","0","0","0","-5","0","0"
"886","0","0","0","0","0","-2.15897478507341","0","2.15897478507342","0","5.00000000000001"
"887","0","0","5","0","0","-5","-4.99999999999999","0","0","0"
"888","0","-5","0","0","0","0","-5","0","5","0"
"889","-5","0","0","-5","0","0","5","0","0","0"
"890","0","0","0","-5","0","0","5.00000000000001","0","5","0"
"891","0","0","0","0","0","0","0","5","5","-5"
"892","0","-2.27188654684508e-16","0","0","0","0","0","0","0","0"
"893","-5","0","0","0","0","-5","0","0","5","0"
"894","2.68121565458997","0","0","-7.68121565458997","0","0","0","0","0","0"
"895","0","0","0","0","0","0","0","5","-5","5"
"896","0","0","10","0","0","0","0","0","-5","0"
"897","0","0","0","0","-4.69631045472811","-5.00000000000001","0","-5.00000000000001","0","0"
"898","0","0","-3.64771175714902e-17","-1.15869317057057e-16","5.08739447299957e-17","0","0","0","0","0"
"899","0","0","0","0","0","0","0","-5.00000000000001","0","0.0936772992492722"
"900","-5","0","0","0","5","0","0","0","-5","0"
"901","0","-5.41276756605139","0","0","0","0","0","-0.834892973579462","2.91744648678971","0"
"902","0","5","0","0","0","0","0","0","-5","-5"
"903","-5.00000000000001","5.00000000000001","0","0","-5","0","0","0","0","0"
"904","5","0","0","0","0","0","-5.00000000000002","0","-5","0"
"905","0","0","0","0","-4","-3","0","0","0","0"
"906","0","0","0","0","0","4.99999999999999","-5","-5.00000000000001","0","0"
"907","5.00000000000001","0","0","0","0","-5","-5.00000000000001","0","0","0"
"908","0","-5","0","0","0","5","0","0","0","5"
"909","0","0","-5","0","0","0","5","0","0","-5"
"910","5","0","0","5","0","0","0","0","5","0"
"911","0","0","0","0","0","0","0","-5","5","0"
"912","0","0","0","5","0","-5.00000000000001","0","-5.00000000000001","0","0"
"913","0","0","2.93449230248107","7.06550769751894","0","0","0","0","0","5"
"914","0","0","0","0","0","-3.23529737521775","0","3.23529737521774","0","-4.49163201554408"
"915","0","0","0","0","0","0","0","0","-2.5","0"
"916","0","0","0","-3.72160982588991","0","-5","-5","0","0","0"
"917","0","0","0","5","0","0","-5","0","5","0"
"918","0","0","0","0","0","-5","-4.99999999999999","-5","0","0"
"919","0","0","0","0","0","-5","5","0","5","0"
"920","-5","0","0","5","0","0","-5","0","0","0"
"921","0","0","-5","0","0","5.00000000000001","-4.99999999999999","0","0","0"
"922","4.99999999999999","0","0","0","0","0","5.00000000000001","0","0","-5"
"923","4.21170721191782","-4.21170721191782","0","0","0","5","0","0","0","0"
"924","0","0","0","0","5","0","-5.00000000000001","0","0","5"
"925","0","-4.037127715655","0","0","0","0","0","-5.4814361421725","0","-4.75928192891376"
"926","0","7.50000000000001","0","0","0","0","0","0","7.5","0"
"927","0","0","-0.144744918833002","0.144744918833002","0","0","0","0","0","5"
"928","0","0","0","0","4.86897354677213","5","5","0","0","0"
"929","-5.00000000000001","0","0","0","0","0","-5","0","0","-5.00000000000001"
"930","0","0","0","5","0","-5.00000000000001","5","0","0","0"
"931","0","0","0","0","-5","-5","0","0","-5","0"
"932","-5","0","0","0","2.55553966343358","0","-5.00000000000001","0","0","0"
"933","0","0","0","0","0","0","0","-5.00000000000002","0","0"
"934","0","0","0","0","0","0","0","0","6.30769784274217","0"
"935","0","-5","0","0","0","0","-4.99999999999999","0","-5","0"
"936","0","-5","0","0","0","-5","0","0","0","-5"
"937","0","0","0","0","4.99999999999999","0","0","0","4.99999999999999","-5"
"938","0","0","0","5","0","0","4.99999999999999","0","0","-5"
"939","0","-3.68948229692736","0","0","0","-4.47579291877095","0","0","-4.73789645938547","0"
"940","-9.99999999999999","0","0","0","0","0","0","0","0","0"
"941","0","0","0","-5","5","0","5","0","0","0"
"942","0","0","5","0","0","4.99999999999998","0","-5.00000000000001","0","0"
"943","0","0","-5","0","0","-5","-5","0","0","0"
"944","-5","0","0","5","0","0","0","-5","0","0"
"945","0","0","0","0","5","-5","0","0","0","5"
"946","0","0","-1.17718543053888","0","0","0","0","5","0","-5"
"947","0","0","0","0","0","-5.00000000000001","0","-5.00000000000001","0","5"
"948","0","0","0","0","0","0","0","0","0","9.5604938976046e-17"
"949","0.331138645311539","0","0","0","0","0","0","-4.99999999999999","0","0.331138645311538"
"950","0","0","0","0","-5","0","0","5","0","-5"
"951","0","27.0541123174284","0","0","0","0","0","-13.8216449269714","-0.589177536514325","0"
"952","0","0","0","-4.28442744507768","0","0","0","0","-4.28442744507768","4.28442744507768"
"953","0","0","5","0","0","0","-5","5","0","0"
"954","0","5.00000000000001","0","0","0","0","5","0","5","0"
"955","0","0","0","0","0","0","0","5","-5","5"
"956","5","0","5","0","0","0","0","-4.99999999999999","0","0"
"957","0","0","0","6.66989596689134","-3.33010403310867","0","0","0","5","0"
"958","0","-3.33384704580612","0","0","5.13954699128886","0","0","0","-3.33384704580612","0"
"959","0","5.00000000000002","0","0","0","0","5","-5.00000000000002","0","0"
"960","-4.6276211987178","0","4.6276211987178","0","0","0","-5","0","0","0"
"961","-5","0","0","0","0","0","4.99999999999999","0","-5","0"
"962","-5","0","0","0","0","4.99999999999999","0","0","5","0"
"963","0","0","0","0","0","0","0","-5","5","5"
"964","-5","0","0","4.28433918930778e-17","0","0","0","0","0","0"
"965","0","0","0","0","0","0","0","0","-5","0"
"966","0","1.45812455738228","0","0","1.45812455738228","0","0","0","0","-1.45812455738228"
"967","-5.00000000000001","0","-4.54043851291839","0","0","0","-4.99999999999998","0","0","0"
"968","-5","0","0","0","0","-5","0","0","-5","0"
"969","0","0","0","2.16577984636179e-16","0","0","0","0","5","0"
"970","-4.99999999999999","0","0","0","-3.62317639518318","0","4.99999999999998","0","0","0"
"971","0","0","0","0","0","0","-5","5.00000000000001","-5","0"
"972","0","0","0","0","0","5","0","0","0","-5"
"973","0","5.50036666006686","-4.49963333993315","0","0","0","0","0","-4.49963333993315","0"
"974","0","0","-8.65252495418629e-17","0","0","0","5.00000000000001","0","0","0"
"975","0","0","3.90468057412611","0","6.09531942587388","-5.00000000000001","0","0","0","0"
"976","5.00000000000001","0","0","0","-5","0","0","4.99999999999999","0","0"
"977","5.00000000000001","0","0","5","0","0","0","-5.00000000000001","0","0"
"978","-0.254069818577096","0","0.254069818577095","0","0","0","0","0","0.254069818577095","0"
"979","0","5","0","4.99999999999999","0","0","-4.99999999999998","0","0","0"
"980","0","-5","-1.0507107190191e-17","-2.94766170629653e-17","0","0","0","0","0","0"
"981","-5","0","0","0","0","0","5.00000000000001","-5","0","0"
"982","0","0","0","5","0","0","5.00000000000001","-4.99999999999999","0","0"
"983","5","0","0","0","0","5.00000000000001","0","5","0","0"
"984","0","0","-3.09347000702519","0","0","0","0","-5","5.00000000000001","0"
"985","-2.658230783804","0","0","-8.80922932868367e-17","0","0","0","0","0","0"
"986","-5","0","0","-5","0","-5","0","0","0","0"
"987","0","0","-4.74027981800265","0","0","0","0","-5","0","-5"
"988","-5","5","0","0","0","0","5.00000000000001","0","0","0"
"989","0","0.343535740285995","0.343535740285996","0","0","0","0","0","0.343535740285996","0"
"990","0","0","5","0","0","0","-5","-5.00000000000001","0","0"
"991","0","0","0","5","0","-5.00000000000001","-4.99999999999999","0","0","0"
"992","0","5","0","0","-5.00000000000001","0","0","0","-5","0"
"993","0","0","-2.15690782075204","-7.84309217924797","0","5","0","0","0","0"
"994","0","0","0","0","4.88195993279458","4.76391986558917","0","5.23608013441086","0","0"
"995","0","0","0","0","5","-5.00000000000002","0","0","0","-5"
"996","0","4.99999999999999","0","0","0","0","0","5.00000000000001","0","5"
"997","0","0","2.95889505548381","0","0","4.99999999999999","0","-5.00000000000001","0","0"
"998","0","5.00000000000004","0","0","0","0","-5.00000000000001","-5.00000000000003","0","0"
"999","0","-5.00000000000001","0","0","0","-5","0","0","-5","0"
"1000","0","0","0","0","-4.83398361610247","-5","4.99999999999999","0","0","0"
