"","V1","V2","V3","V4","V5","V6","V7","V8","V9","V10","V11"
"1","0.800698167757279","0.00339958619218771","1.60137414640925","0","0.00218514352969599","0","0.800706310136256","0.00872734229445505","0.800713243527525","0","0"
"2","0.793485334294535","0.00906372387735728","1.58680818772227","0","0.00541735586713788","0","0.793550560737278","0.0242560067904475","0.793578791790859","0","0"
"3","0.75722285310976","0.0128117629001075","1.51414513316982","0","0.00789316557559943","0","0.757346770939551","0.0327538181302399","0.757437098113148","0","0"
"4","0.774400810474872","0.0147067410750752","1.54846491929686","0","0.0083431730669909","0","0.77457598717372","0.0368537754359485","0.774647480015798","0","0"
"5","0.789974796919022","0.0179310212943092","1.57918049855093","0","0.0126212916863126","0","0.79017516975664","0.0478018274365335","0.790461104337473","0","0"
"6","0.759572866020618","0.0114585836174803","1.51883690712408","0","0.00732060437595819","0","0.759667693747896","0.0323839709182986","0.759745523727682","0","0"
"7","0.791823847759837","0.0157385849010481","1.58310316356393","0","0.00987294551206989","0","0.792004372234262","0.0438158407229325","0.792128240159133","0","0"
"8","0.7971465981231","0.0197954282266434","1.59345387951706","0","0.0133453073254886","0","0.79740691580095","0.0517942918379475","0.797689944407598","0","0"
"9","0.767043605538484","0.0146787987711368","1.53366144249601","0","0.0096701469996476","0","0.767191310341149","0.0381651216532731","0.767311481919647","0","0"
"10","0.787879814782852","0.0117614707466868","1.57547471233156","0","0.00741109510691849","0","0.787982994250669","0.0308333230975724","0.788053566677155","0","0"
"11","0.784270863579018","0.00333535164395832","1.56851977628822","0","0.00199296287555221","0","0.784279434656712","0.00899366892181722","0.784284135382897","0","0"
"12","0.781395169180122","0.0178826727636019","1.56213622745987","0","0.0108293073679996","0","0.781648883995693","0.0477734129184957","0.781775417923767","0","0"
"13","0.810245197754422","0.00603349110481628","1.62042509208193","0","0.00375329968567303","0","0.810271959927752","0.015280565590907","0.8102901912121","0","0"
"14","0.783811558064885","0.00994209463788744","1.56742814065137","0","0.00602749521517969","0","0.783887477822374","0.0264672975556968","0.783929835336778","0","0"
"15","0.804724400232664","0.00126767362614018","1.60944557451128","0","0.000802708521790093","0","0.804725567231401","0.00332043707044333","0.804726408129733","0","0"
"16","0.784903560556116","0.0257759684427207","1.56919864612326","0","0.0213656966170977","0","0.785152678940307","0.0490278014416429","0.785431760795368","0","0.0228343356652968"
"17","0.759583400788701","0.00949876942644663","1.5189565164911","0","0.0059724269514277","0","0.759653540877364","0.0261535444930092","0.759699751941517","0","0"
"18","0.784311677449045","0.0218899212808738","1.56774402954395","0","0.0129291763218558","0","0.784695153434075","0.0569269754564413","0.784867266856017","0","0"
"19","0.793084076283059","0.0108035702012211","1.58598472757495","0","0.00594401485783668","0","0.793183208754138","0.0272931176231719","0.793208078828286","0","0"
"20","0.797506568870701","0.00897415475156808","1.59483989962109","0","0.00629369290551699","0","0.797556211712764","0.0230180502112179","0.797627379955814","0","0"
"21","0.767661329603088","0.0232778979092802","1.53438668036579","0","0.0136768026896379","0","0.768093289993179","0.0592341641509346","0.768308472030175","0","0"
"22","0.754805069921695","0.00810025411899166","1.50947778163232","0","0.00540483863315414","0","0.754850254866683","0.0203423337965429","0.754900944028607","0","0"
"23","0.770934088948479","0.0084610338877893","1.54165635758532","0","0.00539679239671697","0","0.770987443127621","0.0259426572204467","0.771030396257774","0","0"
"24","0.795463104755334","0.0180660076532379","1.59006337109711","0","0.0129427255788637","0","0.795657411738923","0.0507011144525222","0.795946473312258","0","0"
"25","0.781925970548881","0.0116361691961629","1.56352260131739","0","0.00818894756298336","0","0.782008618943899","0.0316988777257913","0.782126524506288","0","0"
"26","0.763411797384725","0.024711811624106","1.52541839485171","0","0.0168466611195751","0","0.76381620741037","0.0660604814490211","0.764298743407221","0","0"
"27","0.756276641678969","0.00723282420059763","1.51245695587217","0","0.00435726311817308","0","0.756317418333283","0.0186392232309124","0.756342357969378","0","0"
"28","0.793342076951203","0.0101372516261979","1.586484821634","0","0.00593778980126974","0","0.793424483004885","0.0272768989354506","0.793458224371202","0","0"
"29","0.786046030622834","0.0166394393128071","1.57153976490048","0","0.00935325338492236","0","0.786281011026021","0.0457572944212686","0.786326681208914","0","0"
"30","0.777172843632161","0.0141039970357871","1.5539200401661","0","0.00892818300209176","0","0.777318223520984","0.0382001022191625","0.777427066395744","0","0"
"31","0.811135835973309","0.00653492135325544","1.62219335646686","0","0.00371847501960424","0","0.811170473366416","0.0174386070741754","0.811181342402868","0","0"
"32","0.804880042039295","0.0155541841225352","1.60923586460608","0","0.0104413747225666","0","0.805041371623032","0.0413387025577097","0.805203057683792","0","0"
"33","0.784035562788335","0.0196603663700883","1.56736832761128","0","0.0111999275080904","0","0.784349533162073","0.0518173931217597","0.784467275532994","0","0"
"34","0.775797970509525","0.00751642286027024","1.55145986920238","0","0.00487638805672872","0","0.775838961099016","0.0209875181346598","0.775872699746538","0","0"
"35","0.771026166309263","0.0127647768634392","1.5417071659723","0","0.00783332531055321","0","0.771148626419018","0.0349723697787048","0.771230230003828","0","0"
"36","0.749835474062681","0.0115226771163618","1.4993486404758","0","0.00749822774858505","0","0.749930510626685","0.0323040831774438","0.750019279393627","0","0"
"37","0.754459833657787","0.00471087469763445","1.50886454005312","0","0.00296007424916572","0","0.754476563772204","0.0135246328934327","0.754489056471273","0","0"
"38","0.77596592234707","0.015353157728721","1.55142651759633","0","0.00997879610710768","0","0.776134833927392","0.0410528399963978","0.776273488105413","0","0"
"39","0.784405001092885","0.000365924993117871","1.56880969699678","0","0.000245681261064627","0","0.784405091948657","0.000985060023783411","0.784405185965797","0","0"
"40","0.766797947797888","0.0220606606557789","1.53243607873439","0","0.0146423991106506","0","0.767129549030038","0.0612107958820946","0.767471966936401","0","0"
"41","0.782062863688175","0.0134925486279999","1.56369555715584","0","0.00889822209588512","0","0.782190668857076","0.0372233388085234","0.782305121709791","0","0"
"42","0.788471923731922","0.00857333848262385","1.57675909126679","0","0.00558627795297332","0","0.788524249399568","0.0246124676243492","0.788567223868518","0","0"
"43","0.788494554910681","0.0111477573964303","1.57665130631406","0","0.00752782763483998","0","0.788577261213672","0.0326460870468679","0.788664967103754","0","0"
"44","0.78166215055478","0.00818182200775155","1.56314881600149","0","0.00570375652626445","0","0.781704559672496","0.0231726594285082","0.78175879890396","0","0"
"45","0.755287217589497","0.0121897776228982","1.51027151349627","0","0.00737614516899501","0","0.755407419021027","0.0324222768454503","0.755467339911267","0","0"
"46","0.77806747531024","0.00380205551850537","1.5561051987104","0","0.00214509901545043","0","0.778079516457319","0.010546893235627","0.778083632960648","0","0"
"47","0.768728894870963","0.00628148350345427","1.53736198384266","0","0.00428825534366535","0","0.768754832175553","0.0175365325156764","0.768783483831405","0","0"
"48","0.780018149696467","0.00927316725690765","1.55991368620741","0","0.00534244761999721","0","0.780087484258125","0.0221867164143489","0.780119322822931","0","0"
"49","0.783475906526109","0.00972572427005117","1.5667890243336","0","0.00619966231168147","0","0.78354370153293","0.0239156416992038","0.783600967594576","0","0"
"50","0.790220064546934","0.0103056482393398","1.58033082945628","0","0.00885593570932397","0","0.79025149216341","0.0191538717605803","0.79029060242077","0","0.00874808851395812"
"51","0.769483611474409","0.0154651410390641","1.53860231060917","0","0.00856433189775619","0","0.769685864331551","0.0388425591252641","0.76974449649718","0","0"
"52","0.779874286522862","0.0210053297281435","1.55884997496604","0","0.0143494152109389","0","0.780158879066005","0.0531896084609601","0.78052418743118","0","0"
"53","0.767549404397041","0.00430382856355157","1.53505582235317","0","0.00302809855743295","0","0.767560976378733","0.0113985697651147","0.767577062257139","0","0"
"54","0.771388154724445","0.00715176749815056","1.54264927527037","0","0.00434667123695139","0","0.771427370516528","0.0207273113914667","0.771452854275345","0","0"
"55","0.807971942602164","0.0204251416133189","1.61519295345228","0","0.0122312303679104","0","0.808288903467634","0.0533186250610487","0.808446538622503","0","0"
"56","0.768271708419621","0.00951060704428949","1.53633073869752","0","0.0063227639617777","0","0.768333914451832","0.0261058727542911","0.768397121816985","0","0"
"57","0.778392938640382","0.002163348201695","1.55677675984043","0","0.0012726278280224","0","0.77839673092253","0.00576093624147311","0.778398386224067","0","0"
"58","0.808119908706794","0.00304223545731331","1.61622172719559","0","0.00169798793489053","0","0.808127559122914","0.00836717638831747","0.808129720001405","0","0"
"59","0.757481287565326","0.00142468036908956","1.51495146694393","0","0.00103374431940363","0","0.757484181210536","0.00605593314206194","0.757486846334635","0.00435080289320877","0"
"60","0.797970380105741","0.0187579018436402","1.59531455545386","0","0.0115501729550523","0","0.798236138406011","0.0481391364525489","0.798384089664355","0","0"
"61","0.775121658094928","0.00675965406961044","1.55013705382526","0","0.00448790354725017","0","0.775152362202344","0.0187357298320019","0.775183581051511","0","0"
"62","0.800833397064207","3.47776396090987e-05","1.60166679083084","0","2.41699785550678e-05","0","0.800833398197192","9.65623266049711e-05","0.800833397860122","6.09147515884695e-05","0"
"63","0.770177618147235","0.0221545807359361","1.53921264015138","0","0.015338422185637","0","0.770495915260407","0.0586771884792361","0.770910097666972","0","0"
"64","0.771342090272665","0.00501817731792336","1.54263561239575","0","0.00326918564985144","0","0.771359887388702","0.0126549800909618","0.771376720003741","0","0"
"65","0.759874589935104","0.0133415583294756","1.5193283550005","0","0.00925765788299383","0","0.75998982027391","0.0358939774711183","0.760139136480937","0","0"
"66","0.76829729306844","0.00278065934505902","1.53657689706377","0","0.00187854844595072","0","0.768302314143771","0.00748932116639881","0.768308355193855","0","0"
"67","0.776584654105038","0.0205642358053563","1.55221561847319","0","0.0128012919740492","0","0.776903351883776","0.0569999511199895","0.777115450321326","0","0"
"68","0.759313952249217","0.00978027624311552","1.51844769728821","0","0.00629869698927357","0","0.759383179310837","0.0245586359013104","0.759441531643984","0","0"
"69","0.778399523617698","0.00368058047373148","1.55676231777623","0","0.00256323492372882","0","0.778408099683668","0.0105946223262755","0.778419232898226","0","0"
"70","0.784310988834576","0.0100337981428315","1.56841226183832","0","0.00691386204889199","0","0.784374193458383","0.0259090166747189","0.784456804105251","0","0"
"71","0.768415528996546","0.0108156614484653","1.53660799593895","0","0.00704860216361463","0","0.768496781475665","0.027610269923606","0.768573986187079","0","0"
"72","0.753384707761465","0.0115670792472113","1.50655164197693","0","0.00656448617185537","0","0.753496659250579","0.0292315627254785","0.753538162164645","0","0"
"73","0.773131493308645","0.0150522951131519","1.54571322380279","0","0.0102817048034438","0","0.773274538031763","0.0420927745109606","0.773457133406817","0","0"
"74","0.790563290931736","0.026869006214354","1.57967879416881","0","0.017603943857515","0","0.791068542840276","0.0682730896153465","0.791534718420815","0","0"
"75","0.743112557343306","0.0391758160117958","1.46998301792026","0","0.0230224620979696","0","0.746968506666642","0.113356811606858","0.738972071053968","0","0"
"76","0.770184386663152","6.70165060064536e-05","1.5403687664479","0","4.56001521143526e-05","0","0.770184395765158","0.000197511932386104","0.770184393009543","9.74150203337161e-05","0"
"77","0.743589185204343","0.0431015176363178","1.46326410816495","0","0.0247766398747016","0","0.747927384238045","0.140077336899024","0.736478138807727","0","0"
"78","0.783047292744458","0.00345159900390307","1.56606276449676","0","0.00240928720882296","0","0.78305472118471","0.00991485042012486","0.783064573211475","0","0"
"79","0.788821147644613","0.0136548762176891","1.57724794909068","0","0.00863016735700437","0","0.788958914681723","0.0365397795326171","0.789059662508593","0","0"
"80","0.778070115544285","0.0101413861566513","1.55595116789907","0","0.00547692125739435","0","0.778159603008796","0.0272811587094207","0.778180015102842","0","0"
"81","0.752893528269454","0.0220241966295949","1.5049750484488","0","0.0126340729459068","0","0.753292840605144","0.0562372501721066","0.753447766562121","0","0"
"82","0.797865184377341","0.0107046712793084","1.59551366225926","0","0.00693317133734248","0","0.797946714641756","0.0268428228755536","0.79801945695981","0","0"
"83","0.784223034795701","0.0118827590206767","1.56812055362687","0","0.00807720383993778","0","0.784316241476973","0.0319131257615282","0.784424077893929","0","0"
"84","0.782943920998403","0.0122613316462627","1.56560707015922","0","0.00755176466152814","0","0.783059267691656","0.0312670135983576","0.783132942646261","0","0"
"85","0.725304901617253","0.10028862066348","1.3604627754539","0","0.0582369184583205","0","0.739913166525348","0.344543196532827","0.728846213833966","0","0"
"86","0.782877325867811","0.00673018249284768","1.56565656533448","0","0.00438736023328352","0","0.782909262228946","0.0179883666242435","0.782937943079827","0","0"
"87","0.813998698048023","0.00901964843355643","1.6278268144741","0","0.00505511101696707","0","0.814065831830925","0.0254107710782146","0.814085205627028","0","0"
"88","0.804503168956448","0.0268060120418977","1.60765123493802","0","0.0145001071382002","0","0.805110976693494","0.0732595728974521","0.805244617289259","0","0"
"89","0.799119782976248","0.0116217171568892","1.59793723558983","0","0.0076000476295857","0","0.799216012322309","0.0315038076208505","0.799290829014214","0","0"
"90","0.775876307790849","0.0122586576013396","1.5514147952988","0","0.00789797862035601","0","0.775986718459066","0.033040534582998","0.776074751384163","0","0"
"91","0.774786095344854","0.00575315338826254","1.54990323856011","0","0.00364141578971812","0","0.774808821446167","0.0140670410902721","0.775218361327069","0","0.000591771956218829"
"92","0.781902186057125","0.0071181481913606","1.56368030841753","0","0.00473862951889657","0","0.781936352109796","0.0200072167579433","0.781970888452786","0","0"
"93","0.759717792850273","0.00889433934938959","1.51926903321362","0","0.00579339170082271","0","0.759773117729464","0.0234134887696519","0.759827351248883","0","0"
"94","0.797066013508959","0.00695146525166888","1.59398167328841","0","0.00493815608105541","0","0.797094862339142","0.0215852508074844","0.797133499180413","0","0"
"95","0.772517786918702","0.005066854921123","1.54498245613314","0","0.00312456817441941","0","0.772536728901876","0.01376939485369","0.772550205345636","0","0"
"96","0.779482194131946","0.0175151234245327","1.558334583959","0","0.0115201725697317","0","0.779694100386662","0.0458500268737658","0.779893016694738","0","0"
"97","0.755550453469477","0.00748819091358568","1.51095457534095","0","0.004828714602391","0","0.755591629407971","0.0217304378971423","0.755625983255388","0","0"
"98","0.757542597894649","0.00658540167506165","1.51500130101704","0","0.00384544202082531","0","0.757577443551536","0.0176829383849167","0.75759449894068","0","0"
"99","0.771584925999733","0.00641812507779193","1.5430757203605","0","0.00418500205553667","0","0.771613994517981","0.0177243656806643","0.771638180066142","0","0"
"100","0.800695129805991","0.00822654018041578","1.6012516382369","0","0.00495773657059064","0","0.800747639667411","0.0224346800296076","0.800771119863323","0","0"
"101","0.787500657598354","0.0209762067171891","1.5739570547908","0","0.0136374014333986","0","0.787813859825697","0.0585924884914455","0.788066203891637","0","0"
"102","0.780788873694294","0.00945114709672354","1.56138097530175","0","0.0062767882866761","0","0.780850772756443","0.0249851867381426","0.780911628157766","0","0"
"103","0.773765443023904","0.0153591884984234","1.54701313507938","0","0.00893553652633486","0","0.773958847817835","0.0430814540730044","0.774041591963572","0","0"
"104","0.772231731333641","0.0135222118093975","1.54411178910828","0","0.00789291589909625","0","0.772379529680259","0.0361015956782021","0.772443421738546","0","0"
"105","0.788787862533562","0.0194226961524952","1.57693851646918","0","0.0114359774101373","0","0.789084048646306","0.04976248912944","0.789212248963439","0","0"
"106","0.750701181141171","0.0132090495372288","1.50112320766451","0","0.00714958145431839","0","0.750852694054269","0.0338405579569811","0.750892900122092","0","0"
"107","0.782822269493947","0.0284867734001412","1.56434098870785","0","0.0161545367911824","0","0.783475592094069","0.0723249489965515","0.783736637212776","0","0"
"108","0.756495231306863","0.014521816244066","1.51250936756639","0","0.00829011322853622","0","0.756668850843038","0.0418332452707292","0.756747773261716","0","0"
"109","0.787012701896008","0.0123535132074714","1.57365742527796","0","0.00803391286639739","0","0.787118991609433","0.0351312322283443","0.787209391104608","0","0"
"110","0.785674425329391","0.00844060840310437","1.57119489294067","0","0.00545660611112153","0","0.785724403886655","0.0228927438287722","0.785765013345389","0","0"
"111","0.754578006057636","0.0134887156605875","1.50876271431633","0","0.00895810261841828","0","0.754705308308724","0.0353736044780974","0.754838606737069","0","0"
"112","0.779495560622351","0.0261647047685371","1.55775189674759","0","0.0161831978168415","0","0.78001537772385","0.0665040670604523","0.780321443087552","0","0"
"113","0.776965594327727","0.00782102482845101","1.55380228419926","0","0.0051609959325644","0","0.77700680475722","0.0207987859930292","0.777049259656111","0","0"
"114","0.769813798458365","0.0079822323631317","1.53950479177891","0","0.00446822542970275","0","0.769868018783285","0.0215575764414462","0.769884945563827","0","0"
"115","0.764949607504622","0.0238925437547275","1.52871210904291","0","0.0141233738241436","0","0.765418601337503","0.0645108005548772","0.765629336255762","0","0"
"116","0.774982400291334","0.0118721413607288","1.54971729637017","0","0.00763248013991851","0","0.775084124235635","0.0291435152215732","0.775161741541815","0","0"
"117","0.808674619122299","0.00803548078032981","1.6171961044315","0","0.00579821773880802","0","0.808712130109523","0.0214630675467662","0.808770546451353","0","0"
"118","0.7721180268864","0.00378334994253727","1.54420526889501","0","0.00254529290235473","0","0.772127798603174","0.00987648963900226","0.772138062155047","0","0"
"119","0.763630405285771","0.00473644777446748","1.52721622226718","0","0.0030256439017979","0","0.763647204755843","0.0121626934150617","0.763660005110128","0","0"
"120","0.772801081552168","0.00570963910925461","1.54555059409749","0","0.00322158236047535","0","0.772827997356667","0.0143584573903721","0.772838157512858","0","0"
"121","0.7513152363557","0.0132218134823721","1.50231505943829","0","0.00766041789042876","0","0.751457343869381","0.0344858435394034","0.751523918416576","0","0"
"122","0.778799730761801","0.0151550821371061","1.5570955697413","0","0.00985379007520627","0","0.778963949185705","0.040571649291966","0.779108377109788","0","0"
"123","0.780806782175879","0.00802631874190083","1.56148885890782","0","0.00528458332176365","0","0.780851900080161","0.0202557191631623","0.780894823855458","0","0"
"124","0.774317270386489","0.00285377047512527","1.5486182004396","0","0.00171225162827315","0","0.77432388619784","0.0076156017263433","0.774326657257612","0","0"
"125","0.772700175828455","0.0140326781852363","1.54493681281068","0","0.00955550310415791","0","0.772832285347072","0.0378041368760805","0.772982516554213","0","0"
"126","0.751218832924644","0.0102933903939958","1.50223844306668","0","0.00643252901057092","0","0.751298099464832","0.0260903971508748","0.751358547501647","0","0"
"127","0.76451963634311","0.00905793788013469","1.52886447899999","0","0.00592381350457478","0","0.764577307827252","0.0237591319604105","0.764632587275301","0","0"
"128","0.768400302747748","0.0102591206452048","1.53655517018795","0","0.00617605778969989","0","0.768482220425099","0.0293252943582155","0.768530450606928","0","0"
"129","0.783892910590226","0.0109857694180233","1.56757277752749","0","0.0064873401452101","0","0.783988550308823","0.0280736778981962","0.784036533254158","0","0"
"130","0.785842596731425","0.00736566223505664","1.57154879245188","0","0.00518767716848437","0","0.785875932652186","0.0204888324582928","0.785920750361419","0","0"
"131","0.775261130440652","0.0113526245279554","1.55022522632095","0","0.00745640780969489","0","0.775352141870999","0.0308140593944807","0.775435679752459","0","0"
"132","0.800206769106624","0.0162210893966911","1.59997368449079","0","0.00976335555375119","0","0.800406689025815","0.0411397973480851","0.800515064752458","0","0"
"133","0.759221977204223","5.46468466830957e-05","1.5184439508385","0","4.87001103650861e-05","0","0.75922197795779","0.000103567053403872","0.759221978874626","0","5.37188853439604e-05"
"134","0.77551609934899","0.00797467565433694","1.55089607728728","0","0.00512890557824241","0","0.775561119461285","0.0218701434721989","0.775597880675742","0","0"
"135","0.802376282772103","0.0187020393364364","1.60403265857296","0","0.0117001596879464","0","0.802637206822849","0.0502630676548702","0.802796660174281","0","0"
"136","0.77675702935018","0.0053550186989489","1.55346137413975","0","0.00327566966331249","0","0.776779177167278","0.0136142538335754","0.776793523555452","0","0"
"137","0.770276215894873","0.00382179418260567","1.54052743986806","0","0.00218284398610211","0","0.770288468459279","0.00973339697332095","0.770292975064565","0","0"
"138","0.779497352776975","0.0106239153491217","1.55873025508779","0","0.00681716708181273","0","0.779579332267972","0.0296714846977085","0.779639391230915","0","0"
"139","0.776159856514348","0.00539639640749885","1.55225105307093","0","0.00356945489547578","0","0.776179938313648","0.0149642985485951","0.776199116171839","0","0"
"140","0.782475100038272","0.00803238392511891","1.56483988765214","0","0.00474016538994165","0","0.782527621874535","0.0201295311272121","0.782551736371179","0","0"
"141","0.770944389182219","0.00855242613354182","1.54171191260866","0","0.00507599145349607","0","0.77100225258663","0.0249587042741761","0.771032858586144","0","0"
"142","0.756501500589521","0.016910593708253","1.5123569686376","0","0.0111764552153135","0","0.75670285920878","0.0460581271792296","0.756877714686955","0","0"
"143","0.769065529559074","0.00579040813091962","1.53807781083665","0","0.0033961666946404","0","0.769092223614877","0.0143127916400782","0.769105807805554","0","0"
"144","0.73583227808343","0.0158734760047338","1.47111852439928","0","0.0105625785158865","0","0.736004834247374","0.0422428648796115","0.736190350791855","0","0"
"145","0.798406081256364","0.0148550006324416","1.59641885344057","0","0.00893664349198243","0","0.79857936179399","0.0385128968740848","0.798643481135122","0","0"
"146","0.786900499903257","0.0164046969674267","1.57338093608614","0","0.0103219452738546","0","0.787097547788328","0.0401437771031178","0.787229631132655","0","0"
"147","0.767289242350127","0.0368838602280733","1.53244069047366","0","0.0359769092057554","0.0356396878630175","0.772321197637356","0.0244890966480174","0.772483151810421","0.0360361424537011","0.0348365663197219"
"148","0.765573500995656","0.0189548399675434","1.53026478718995","0","0.0126518332914497","0","0.765818750365796","0.052982097223042","0.766059549755334","0","0"
"149","0.775950786595682","0.00784040051887382","1.55174873187616","0","0.00548861465275444","0","0.77598950428183","0.0216366180823011","0.776039821210448","0","0"
"150","0.783893329587944","0.0124668532386542","1.5674061872872","0","0.00865663976668844","0","0.783993168082577","0.0338956161771899","0.784120007580512","0","0"
"151","0.759951008085657","0.0116759950073261","1.51963862263031","0","0.00742446291408228","0","0.760052970616653","0.0299492551804331","0.760131793821983","0","0"
"152","0.806638958691193","0.0102707548266363","1.61308733420026","0","0.00610191818697129","0","0.80672387168903","0.0263247600063448","0.806760279421029","0","0"
"153","0.774083659854979","0.00518844191369232","1.54811903414964","0","0.0030364799677391","0","0.774105418942053","0.0135501030080942","0.774114556372516","0","0"
"154","0.790471893816168","0.014276704344628","1.58052718476012","0","0.00891923122418362","0","0.790628241834784","0.0373029658135215","0.790739620208334","0","0"
"155","0.783825289645967","0.00631716182611466","1.56755773652668","0","0.00413901450867413","0","0.783853220651585","0.0173710627523518","0.783878099542738","0","0"
"156","0.786126157009384","0.0156604621279616","1.57171733278653","0","0.00991492796215928","0","0.78630720103422","0.042264505257009","0.786435201477362","0","0"
"157","0.788147260611164","0.0187165269684157","1.57559317141531","0","0.0104573599592574","0","0.788449036619584","0.0512456691848991","0.788521066219688","0","0"
"158","0.798059782253315","0.0151183029838582","1.59567419783806","0","0.00973571061809608","0","0.798226181139552","0.0388317700674102","0.798345830028828","0","0"
"159","0.768493747620955","0.0112718215032683","1.53671268937914","0","0.0074682074796908","0","0.768578759863227","0.0303549506784385","0.768667668081879","0","0"
"160","0.779985257773694","0.0114894951181156","1.55965795465705","0","0.00781243659131821","0","0.780090543537294","0.0347297989878013","0.780176620566246","0.01454439007298","0"
"161","0.809039260524441","0.0181203176554596","1.61731152847861","0","0.0110913409690115","0","0.809284470684479","0.052148995980032","0.809426357572426","0","0"
"162","0.771538980593331","0.0095890560693142","1.54285694989694","0","0.00664280845732974","0","0.771597590448497","0.0260845474413434","0.771672139533006","0","0"
"163","0.778647513900753","0.00689015364401463","1.55719776002417","0","0.00417892938843112","0","0.778684084245397","0.0186493627077589","0.778705022767643","0","0"
"164","0.763461752508083","0.00970303410990202","1.52676296492826","0","0.00606680980889209","0","0.763531329725129","0.0238838008228456","0.763586836022574","0","0"
"165","0.787170950127637","0.00954053214178738","1.57413179451016","0","0.00634131391584725","0","0.787232680448553","0.0262883784949335","0.787290854814174","0","0"
"166","0.787017567003962","0.0136176526502106","1.57367944590176","0","0.00831643682953136","0","0.787160792980235","0.0359410752121757","0.787232707110132","0","0"
"167","0.788240493466626","0.00376981409324121","1.57645457369684","0","0.00231442306481225","0","0.788251574597421","0.00954436571542741","0.788258384768974","0","0"
"168","0.769882138890335","0.0206872340758321","1.53881020609178","0","0.0133324196005235","0","0.770197110475923","0.0558902812406011","0.77044350206457","0","0"
"169","0.780572242769155","0.00950710481345017","1.56099321343688","0","0.00545203161421313","0","0.780647191342894","0.0241247308118764","0.780673730205263","0","0"
"170","0.796286870317088","0.012959747945454","1.59215589015176","0","0.00857431002409563","0","0.79640379133845","0.0366505346694075","0.796505325496545","0","0"
"171","0.783759159582751","0.0190463710466739","1.56690104914534","0","0.011633761262582","0","0.784033214882636","0.0480669529807193","0.784185789363877","0","0"
"172","0.704035061317575","0.307447968184747","1.39180996344727","0.32752321358654","0.131315124102019","0.127180767760137","0.748682268467588","0.0387086561677071","0.750289479846392","0.319094102931399","0.304543706496376"
"173","0.78948498138738","0.00843317560476368","1.57885332180937","0","0.00501103428382349","0","0.789541727676587","0.020856618726138","0.789569444747811","0","0"
"174","0.782907828058203","0.0202831884437331","1.56507933568677","0","0.0112652442573631","0","0.783259002560186","0.0530225390043267","0.783350473339913","0","0"
"175","0.768387439144426","0.0127427285074969","1.53641516802366","0","0.00859566063724645","0","0.768497315171352","0.0340307650390732","0.768607037837151","0","0"
"176","0.770164958327077","0.0113133156709219","1.54003386398949","0","0.00753313842901491","0","0.770254536590944","0.0298454372236341","0.770346926091004","0","0"
"177","0.777783783035318","0.00421503611329446","1.5555355556574","0","0.00264640123207482","0","0.777797077999331","0.0107100241953135","0.777805782335224","0","0"
"178","0.758792065530816","0.00152766834924931","1.51757895263091","0","0.00103959041043536","0","0.758793587743236","0.00407741775265474","0.758795467396365","0","0"
"179","0.796522812377114","0.00599326858288826","1.59295407959941","0","0.00421215308781919","0","0.79654498980955","0.0167909442420876","0.796574382977412","0","0"
"180","0.774524722494822","0.0149557714452227","1.54859366282133","0","0.00952777184621915","0","0.774687251288307","0.0394423589648321","0.77481420157123","0","0"
"181","0.752238320886749","0.00304904826975083","1.50445236079156","0","0.00203016018816047","0","0.752244682151833","0.00870397762819681","0.752252050588707","0","0"
"182","0.78848698294999","0.0206343012765703","1.57600509222015","0","0.0128611495732658","0","0.7888063023511","0.0570719809604494","0.789014327188921","0","0"
"183","0.789314363001679","0.0155549315707862","1.57828621724184","0","0.0084092803208848","0","0.789526072110893","0.0381319627982876","0.789552722615491","0","0"
"184","0.777080780770207","0.0168222630389352","1.55355413674055","0","0.0106032191755966","0","0.777292079912117","0.0452570574245119","0.77744264959167","0","0"
"185","0.000509353117475036","0","0","0.67922055481353","0.679220383304018","0.679219552972197","0","0.000844434284381436","0.000546825553939093","0.000553146035321728","0.000255954902407418"
"186","0.789878622484839","0.00181479785774519","1.57975256337238","0","0.00101318833999547","0","0.789881447474005","0.00433989842592821","0.789882339927694","0","0"
"187","0.764552375551578","0.0015797873271683","1.52909826272805","0","0.000999820032288055","0","0.764554237365776","0.00458872027406947","0.764555816252158","0","0"
"188","0.781815893398268","0.0201971404806397","1.56269977492207","0","0.0152084162119962","0","0.782031777812775","0.0512252553442798","0.782484846322617","0","0"
"189","0.752352620524882","0.00799944106740437","1.50454971967661","0","0.00535018311778871","0","0.752396061817786","0.0222487568343235","0.752444886783372","0","0"
"190","0.788079289532944","0.0109048448503865","1.57590972049771","0","0.00700668156438864","0","0.788165811152552","0.0288426217904069","0.788233059169705","0","0"
"191","0.790682458056593","0.0139820526715245","1.58094042104428","0","0.00970099594407603","0","0.790808177821446","0.0357109827067703","0.790977246781039","0","0"
"192","0.796481841076145","0.0117822818530534","1.59260150740119","0","0.0076781925337699","0","0.796579234760245","0.0341748598880595","0.796665167799646","0","0"
"193","0.7763780633877","0.0183882762291051","1.55189781282498","0","0.0122843408725827","0","0.776605257527505","0.0525722786224544","0.776841686696807","0","0"
"194","0.78239373994312","0.00689667176863669","1.56469198600963","0","0.00440921068784628","0","0.782429148362992","0.0175722810214526","0.782456812097565","0","0"
"195","0.775141831168917","0.0154030896542954","1.54990296596918","0","0.00846408331397888","0","0.775342574043812","0.0394856353739665","0.775399646246893","0","0"
"196","0.772068966675993","0.00975325086859515","1.54394881001382","0","0.0064017120811371","0","0.772135501983432","0.024920385617704","0.772201168049479","0","0"
"197","0.756404008448776","0.00602374272796284","1.51273919617068","0","0.00395413226704759","0","0.756429396845513","0.0150753776623673","0.756455526156714","0","0"
"198","0.774695526249532","0.0119346561760541","1.54908327756776","0","0.00748791687979372","0","0.774802873502116","0.0324532767198234","0.774874633282148","0","0"
"199","0.74572236666554","0.017742778871934","1.49072251797386","0","0.0109736503687451","0","0.74596715596501","0.0492982099121359","0.746134608538801","0","0"
"200","0.781460886448425","0.0241009348993601","1.56179282272915","0","0.0146314163030311","0","0.781906176622847","0.0637054178920917","0.782165554551322","0","0"
"201","0.78729666114477","0.00664534209521769","1.57450862034265","0","0.00409615489023211","0","0.787330737154508","0.017305933478133","0.787349272510915","0","0"
"202","0.790012720609067","0.0232650226256108","1.57872941137354","0","0.014381509072585","0","0.790426066689072","0.0660721345601612","0.790681317934782","0","0"
"203","0.768575757573165","0.00667666559773594","1.53704303772868","0","0.00457726124190006","0","0.768604374564377","0.0183466267963858","0.768641697207581","0","0"
"204","0.787089371859578","0.00730911449492191","1.57405075385757","0","0.00454966350835626","0","0.787129425714387","0.0209165635852738","0.787155560481279","0","0"
"205","0.814272460464818","0.0177860588806043","1.62779048698808","0","0.0124651587653439","0","0.814468806779985","0.0481980759129009","0.814720409899456","0","0"
"206","0.773553464667187","0.0197257174010601","1.54620607893998","0","0.0126798857703512","0","0.773838172787757","0.0542403270734325","0.774063611029382","0","0"
"207","0.795150982374825","0.00719191038688405","1.5902296783777","0","0.00384658762092522","0","0.795195770535952","0.0178468979242857","0.795202704565858","0","0"
"208","0.756967964109408","0.022555323227882","1.51281472183988","0","0.014668365572773","0","0.757323028645286","0.0612378696199794","0.757663043369864","0","0"
"209","0.777865799978911","0.0174013709029582","1.55514310369199","0","0.0108872352014233","0","0.778089204068579","0.0453273403717213","0.778252262225155","0","0"
"210","0.769766360281904","0.00757726633438853","1.53939001721637","0","0.005113317026394","0","0.769804912512063","0.0211179172246552","0.769848194899255","0","0"
"211","0.774268363936941","0.0232674930888631","1.54758303473707","0","0.0129383716675769","0","0.774710166886397","0.0619212062179687","0.774870678147491","0","0"
"212","0.776255068676514","0.00392566758146317","1.5524750881449","0","0.00247053438357848","0","0.776266335828871","0.0109872553660132","0.776274716149411","0","0"
"213","0.776783453295703","0.00440551980777316","1.5535300812149","0","0.00271344440099983","0","0.776798465997936","0.0113488240893453","0.776806997593615","0","0"
"214","0.396283816661085","0.50131207558163","0.792314051248806","0.710939981290833","0.384022897731854","0.380717878495811","0.521990354774141","0.00674830787534434","0.518208440868978","0.497768111950951","0.501921348603672"
"215","0.783476411785984","0.0143785602399724","1.56643301850624","0","0.0100511652306286","0","0.783602669089075","0.0405397342098097","0.783768340072597","0","0"
"216","0.813273688465196","0.0284810626261176","1.62502154834896","0","0.0188534984779414","0","0.813824864353139","0.0695952963063721","0.814410887986303","0","0"
"217","0.775603724076178","0.0153770052498395","1.55080882265788","0","0.00920526204977278","0","0.775785230378634","0.0388977904143664","0.77588043608395","0","0"
"218","0.747774476722641","0.0123120410769341","1.49522130608802","0","0.00826247933949443","0","0.747876888141003","0.0324179488169386","0.747994769942256","0","0"
"219","0.76973445962364","0.0150621396780489","1.53891286440421","0","0.0104310627421568","0","0.769876909508902","0.0412306490114433","0.770068930254026","0","0"
"220","0.787440696699722","0.00638770960387111","1.574799952044","0","0.00380949797733518","0","0.787472656146762","0.0172479089385557","0.787488419496776","0","0"
"221","0.78806551164397","0.00376428037628655","1.57609303680755","0","0.00247739792646657","0","0.788075397079758","0.010890049378893","0.788084894473263","0","0"
"222","0.776385622603793","0.0253779115939045","1.55163813753062","0","0.0156745191451476","0","0.776862592630122","0.0638767315376094","0.777208803988217","0","0"
"223","0.795784223274029","0.0138809331049985","1.59120831050667","0","0.00779799266541747","0","0.795942617840761","0.0371322453838324","0.795993339233172","0","0"
"224","0.803084045830146","0.0174155066242096","1.60549774998759","0","0.0107897514185787","0","0.803309517457923","0.0484193636604981","0.803449354659151","0","0"
"225","0.759338202751358","0.0202001047552085","1.51798702519582","0","0.0110089997914829","0","0.759690066399082","0.0525006647960391","0.759784983982187","0","0"
"226","0.767899262305425","0.0173037713173544","1.53534491169205","0","0.0098833178404384","0","0.768148842858282","0.0421043915957042","0.768249312816275","0","0"
"227","0.779509206579161","0.0206626314045599","1.55808938055699","0","0.0132874612356153","0","0.779811284975913","0.0562216784316827","0.780065472314372","0","0"
"228","0.781874641788251","0.0143755730442903","1.56328416816324","0","0.00832065321900897","0","0.782045089540909","0.0406750331129848","0.782112065506516","0","0"
"229","0.801500567488352","0.00286728848733212","1.60298334468968","0","0.00202630571321215","0","0.80150556958977","0.00729960633086335","0.801513099989707","0","0"
"230","0.769279568381658","0.00835083161823829","1.53839270460058","0","0.00542676102031183","0","0.769330587273599","0.0231382497869249","0.769373073196725","0","0"
"231","0.784452709311328","0.0185131353409179","1.56803242126312","0","0.0128177789590418","0","0.784673300454801","0.0518034334449188","0.78493249691908","0","0"
"232","0.795665792735416","0.0247680367129196","1.58989150295039","0","0.0175455261557477","0","0.796037966869472","0.0665593284165151","0.796526348908099","0","0"
"233","0.754816430047404","0.0190095020002476","1.50879346024444","0","0.0119308098499245","0","0.755088541617862","0.0536357925796249","0.755268060449256","0","0"
"234","0.780104159423055","0.00885307320107197","1.56003438353847","0","0.00582860284098514","0","0.780158811186122","0.0237391870429484","0.780209669143572","0","0"
"235","0.773754276251568","0.0135972230876768","1.5471779496936","0","0.0083483840376559","0","0.773897057051335","0.0345060555124732","0.773982483212754","0","0"
"236","0.790164551232727","0.0122594869070642","1.57997095785537","0","0.00720732119825926","0","0.790285974200216","0.0354663660361794","0.7903392841742","0","0"
"237","0.766174005125493","0.00668361233353427","1.53224740818155","0","0.00406410567907131","0","0.766209488837019","0.018620465818415","0.766228234137763","0","0"
"238","0.770641246913672","0.018519939225826","1.54054323510029","0","0.0113743630642065","0","0.770901129281947","0.0512444316578831","0.771057285147175","0","0"
"239","0.77587249519272","0.0190313188599523","1.55088169648736","0","0.0121646508912367","0","0.776136012197907","0.0532588698551796","0.776342275266724","0","0"
"240","0.769379145720473","0.0197439880409513","1.53795381714833","0","0.0127430375727366","0","0.76966032077182","0.0517279904642675","0.769904625460322","0","0"
"241","0.753384836440239","0.00765537471037727","1.50665242003095","0","0.00472973112789812","0","0.753429839272299","0.0200988035679032","0.753461124062592","0","0"
"242","0.784518976181333","0.0254341263187425","1.56790416331152","0","0.0156733900790092","0","0.785005138996062","0.0644638374113431","0.78530906126887","0","0"
"243","0.794697982408502","0.019769192911385","1.58856563596622","0","0.0128207684125033","0","0.794976952039935","0.0528240237929261","0.795186201007915","0","0"
"244","0.77992786775899","0.0129350188679454","1.55951153488651","0","0.00830659459719834","0","0.78004919829011","0.0337691572429182","0.780153100320547","0","0"
"245","0.780017390360935","0.00597501932952099","1.55993887615719","0","0.00402468390194681","0","0.780040841606252","0.0175422606542336","0.780067122344725","0","0"
"246","0.773958961371333","0.0142958499766429","1.54740370360752","0","0.00851713534476087","0","0.774850003725957","0.0378877251550649","0.774001430390956","0.00436978620436264","0"
"247","0.794838234580411","0.00826489394058272","1.58956771045664","0","0.00487740460657706","0","0.794891752194217","0.0206667322925161","0.794916824286783","0","0"
"248","0.755331954175357","0.019134632502356","1.50978688716119","0","0.0129885101069024","0","0.755579612144919","0.0519498048794364","0.755865429390764","0","0"
"249","0.7778841432956","0.0180786594197377","1.55507407178976","0","0.0106921522655815","0","0.778147777896323","0.0495938805120859","0.77827088233627","0","0"
"250","0.736865017897487","0.053603219013693","1.44471470650866","0","0.0294288183821301","0","0.745298099138863","0.164346474643051","0.728231895664595","0","0"
